environment,shift,algorithm,seed,step,metric,value
ant-friction,0.1,BC_PAR,0,5000,train/distance,1.5994009971618652
ant-friction,0.1,BC_PAR,0,6000,train/distance,1.5216425657272339
ant-friction,0.1,BC_PAR,0,7000,train/distance,1.4196901321411133
ant-friction,0.1,BC_PAR,0,8000,train/distance,1.2253282070159912
ant-friction,0.1,BC_PAR,0,9000,train/distance,1.042985200881958
ant-friction,0.1,BC_PAR,0,10000,train/distance,0.8366134762763977
ant-friction,0.1,BC_PAR,0,5000,train/encoder_loss,1.6081186532974243
ant-friction,0.1,BC_PAR,0,6000,train/encoder_loss,1.47554612159729
ant-friction,0.1,BC_PAR,0,7000,train/encoder_loss,1.3461843729019165
ant-friction,0.1,BC_PAR,0,8000,train/encoder_loss,1.132658839225769
ant-friction,0.1,BC_PAR,0,9000,train/encoder_loss,0.8197660446166992
ant-friction,0.1,BC_PAR,0,10000,train/encoder_loss,0.6336090564727783
ant-friction,0.1,BC_PAR,0,5000,train/logprob,-5.409152984619141
ant-friction,0.1,BC_PAR,0,6000,train/logprob,-2.5167744159698486
ant-friction,0.1,BC_PAR,0,7000,train/logprob,-0.8938227295875549
ant-friction,0.1,BC_PAR,0,8000,train/logprob,0.4049818515777588
ant-friction,0.1,BC_PAR,0,9000,train/logprob,1.3911054134368896
ant-friction,0.1,BC_PAR,0,10000,train/logprob,2.1437735557556152
ant-friction,0.1,BC_PAR,0,5000,train/q1,0.7828350067138672
ant-friction,0.1,BC_PAR,0,6000,train/q1,11.835240364074707
ant-friction,0.1,BC_PAR,0,7000,train/q1,25.05452537536621
ant-friction,0.1,BC_PAR,0,8000,train/q1,36.71364212036133
ant-friction,0.1,BC_PAR,0,9000,train/q1,49.6363525390625
ant-friction,0.1,BC_PAR,0,10000,train/q1,60.115509033203125
ant-friction,0.1,BC_PAR,0,5000,train/src_reward,3.5694358348846436
ant-friction,0.1,BC_PAR,0,6000,train/src_reward,3.3120174407958984
ant-friction,0.1,BC_PAR,0,7000,train/src_reward,3.601797103881836
ant-friction,0.1,BC_PAR,0,8000,train/src_reward,3.572277069091797
ant-friction,0.1,BC_PAR,0,9000,train/src_reward,3.7848856449127197
ant-friction,0.1,BC_PAR,0,10000,train/src_reward,3.506176710128784
ant-friction,0.1,BC_PAR,1,5000,train/distance,1.6033282279968262
ant-friction,0.1,BC_PAR,1,6000,train/distance,1.4860620498657227
ant-friction,0.1,BC_PAR,1,7000,train/distance,1.3530656099319458
ant-friction,0.1,BC_PAR,1,8000,train/distance,1.1361027956008911
ant-friction,0.1,BC_PAR,1,9000,train/distance,0.8373793959617615
ant-friction,0.1,BC_PAR,1,10000,train/distance,0.6946675777435303
ant-friction,0.1,BC_PAR,1,5000,train/encoder_loss,1.5883781909942627
ant-friction,0.1,BC_PAR,1,6000,train/encoder_loss,1.4668046236038208
ant-friction,0.1,BC_PAR,1,7000,train/encoder_loss,1.3464982509613037
ant-friction,0.1,BC_PAR,1,8000,train/encoder_loss,1.131661295890808
ant-friction,0.1,BC_PAR,1,9000,train/encoder_loss,0.854432225227356
ant-friction,0.1,BC_PAR,1,10000,train/encoder_loss,0.6260939240455627
ant-friction,0.1,BC_PAR,1,5000,train/logprob,-5.404120922088623
ant-friction,0.1,BC_PAR,1,6000,train/logprob,-2.8250489234924316
ant-friction,0.1,BC_PAR,1,7000,train/logprob,-1.4553463459014893
ant-friction,0.1,BC_PAR,1,8000,train/logprob,-0.0846792608499527
ant-friction,0.1,BC_PAR,1,9000,train/logprob,1.5279053449630737
ant-friction,0.1,BC_PAR,1,10000,train/logprob,1.813603162765503
ant-friction,0.1,BC_PAR,1,5000,train/q1,0.9158581495285034
ant-friction,0.1,BC_PAR,1,6000,train/q1,12.208666801452637
ant-friction,0.1,BC_PAR,1,7000,train/q1,23.134220123291016
ant-friction,0.1,BC_PAR,1,8000,train/q1,35.98777770996094
ant-friction,0.1,BC_PAR,1,9000,train/q1,49.883541107177734
ant-friction,0.1,BC_PAR,1,10000,train/q1,62.56684494018555
ant-friction,0.1,BC_PAR,1,5000,train/src_reward,3.4197418689727783
ant-friction,0.1,BC_PAR,1,6000,train/src_reward,3.5272579193115234
ant-friction,0.1,BC_PAR,1,7000,train/src_reward,3.3860154151916504
ant-friction,0.1,BC_PAR,1,8000,train/src_reward,3.4769327640533447
ant-friction,0.1,BC_PAR,1,9000,train/src_reward,3.55796480178833
ant-friction,0.1,BC_PAR,1,10000,train/src_reward,3.5504181385040283
ant-friction,0.1,BC_PAR,2,5000,train/distance,1.611093282699585
ant-friction,0.1,BC_PAR,2,6000,train/distance,1.457265019416809
ant-friction,0.1,BC_PAR,2,7000,train/distance,1.2965750694274902
ant-friction,0.1,BC_PAR,2,8000,train/distance,1.032427430152893
ant-friction,0.1,BC_PAR,2,9000,train/distance,0.7977958917617798
ant-friction,0.1,BC_PAR,2,10000,train/distance,0.7233679294586182
ant-friction,0.1,BC_PAR,2,5000,train/encoder_loss,1.6055378913879395
ant-friction,0.1,BC_PAR,2,6000,train/encoder_loss,1.4687728881835938
ant-friction,0.1,BC_PAR,2,7000,train/encoder_loss,1.3344542980194092
ant-friction,0.1,BC_PAR,2,8000,train/encoder_loss,1.0590147972106934
ant-friction,0.1,BC_PAR,2,9000,train/encoder_loss,0.8016199469566345
ant-friction,0.1,BC_PAR,2,10000,train/encoder_loss,0.7184768319129944
ant-friction,0.1,BC_PAR,2,5000,train/logprob,-5.420285224914551
ant-friction,0.1,BC_PAR,2,6000,train/logprob,-2.735063314437866
ant-friction,0.1,BC_PAR,2,7000,train/logprob,-1.1685980558395386
ant-friction,0.1,BC_PAR,2,8000,train/logprob,0.1221158429980278
ant-friction,0.1,BC_PAR,2,9000,train/logprob,1.1692478656768799
ant-friction,0.1,BC_PAR,2,10000,train/logprob,2.5816102027893066
ant-friction,0.1,BC_PAR,2,5000,train/q1,0.7420864701271057
ant-friction,0.1,BC_PAR,2,6000,train/q1,12.439692497253418
ant-friction,0.1,BC_PAR,2,7000,train/q1,23.193614959716797
ant-friction,0.1,BC_PAR,2,8000,train/q1,35.36915969848633
ant-friction,0.1,BC_PAR,2,9000,train/q1,50.74490737915039
ant-friction,0.1,BC_PAR,2,10000,train/q1,63.548606872558594
ant-friction,0.1,BC_PAR,2,5000,train/src_reward,3.456361770629883
ant-friction,0.1,BC_PAR,2,6000,train/src_reward,3.706049680709839
ant-friction,0.1,BC_PAR,2,7000,train/src_reward,3.309948444366455
ant-friction,0.1,BC_PAR,2,8000,train/src_reward,3.262997627258301
ant-friction,0.1,BC_PAR,2,9000,train/src_reward,3.6865146160125732
ant-friction,0.1,BC_PAR,2,10000,train/src_reward,3.7483627796173096
ant-friction,0.1,BC_SAC,0,5000,train/logprob,2.353743076324463
ant-friction,0.1,BC_SAC,0,10000,train/logprob,4.807330131530762
ant-friction,0.1,BC_SAC,0,5000,train/q1,43.22889709472656
ant-friction,0.1,BC_SAC,0,10000,train/q1,96.74868774414062
ant-friction,0.1,BC_SAC,1,5000,train/logprob,2.283020257949829
ant-friction,0.1,BC_SAC,1,10000,train/logprob,4.640398025512695
ant-friction,0.1,BC_SAC,1,5000,train/q1,40.31809997558594
ant-friction,0.1,BC_SAC,1,10000,train/q1,95.99236297607422
ant-friction,0.1,BC_SAC,2,5000,train/logprob,2.189171552658081
ant-friction,0.1,BC_SAC,2,10000,train/logprob,5.548895359039307
ant-friction,0.1,BC_SAC,2,5000,train/q1,39.81416702270508
ant-friction,0.1,BC_SAC,2,10000,train/q1,107.29901885986328
ant-friction,0.1,RLPD,0,5000,train/logprob,-1.8618360757827759
ant-friction,0.1,RLPD,0,10000,train/logprob,1.7376019954681396
ant-friction,0.1,RLPD,1,5000,train/logprob,-0.15786217153072357
ant-friction,0.1,RLPD,1,10000,train/logprob,2.3917417526245117
ant-friction,0.1,RLPD,2,5000,train/logprob,-1.8514235019683838
ant-friction,0.1,RLPD,2,10000,train/logprob,1.4233026504516602
ant-friction,0.5,BC_PAR,0,5000,train/distance,1.5994009971618652
ant-friction,0.5,BC_PAR,0,6000,train/distance,1.5280427932739258
ant-friction,0.5,BC_PAR,0,7000,train/distance,1.4314042329788208
ant-friction,0.5,BC_PAR,0,8000,train/distance,1.2318376302719116
ant-friction,0.5,BC_PAR,0,9000,train/distance,1.0034666061401367
ant-friction,0.5,BC_PAR,0,10000,train/distance,0.8037638068199158
ant-friction,0.5,BC_PAR,0,5000,train/encoder_loss,1.606833815574646
ant-friction,0.5,BC_PAR,0,6000,train/encoder_loss,1.484687328338623
ant-friction,0.5,BC_PAR,0,7000,train/encoder_loss,1.3581483364105225
ant-friction,0.5,BC_PAR,0,8000,train/encoder_loss,1.1422231197357178
ant-friction,0.5,BC_PAR,0,9000,train/encoder_loss,0.8418254852294922
ant-friction,0.5,BC_PAR,0,10000,train/encoder_loss,0.6303250789642334
ant-friction,0.5,BC_PAR,0,5000,train/logprob,-5.4174065589904785
ant-friction,0.5,BC_PAR,0,6000,train/logprob,-2.271282196044922
ant-friction,0.5,BC_PAR,0,7000,train/logprob,-0.5765881538391113
ant-friction,0.5,BC_PAR,0,8000,train/logprob,0.39424341917037964
ant-friction,0.5,BC_PAR,0,9000,train/logprob,1.5982366800308228
ant-friction,0.5,BC_PAR,0,10000,train/logprob,2.028243064880371
ant-friction,0.5,BC_PAR,0,5000,train/q1,0.7917281985282898
ant-friction,0.5,BC_PAR,0,6000,train/q1,12.01594352722168
ant-friction,0.5,BC_PAR,0,7000,train/q1,25.563230514526367
ant-friction,0.5,BC_PAR,0,8000,train/q1,37.667659759521484
ant-friction,0.5,BC_PAR,0,9000,train/q1,49.85195541381836
ant-friction,0.5,BC_PAR,0,10000,train/q1,60.89892578125
ant-friction,0.5,BC_PAR,0,5000,train/src_reward,3.5694358348846436
ant-friction,0.5,BC_PAR,0,6000,train/src_reward,3.31137752532959
ant-friction,0.5,BC_PAR,0,7000,train/src_reward,3.6006252765655518
ant-friction,0.5,BC_PAR,0,8000,train/src_reward,3.5716257095336914
ant-friction,0.5,BC_PAR,0,9000,train/src_reward,3.788837432861328
ant-friction,0.5,BC_PAR,0,10000,train/src_reward,3.5094611644744873
ant-friction,0.5,BC_PAR,1,5000,train/distance,1.6033282279968262
ant-friction,0.5,BC_PAR,1,6000,train/distance,1.4724791049957275
ant-friction,0.5,BC_PAR,1,7000,train/distance,1.341079592704773
ant-friction,0.5,BC_PAR,1,8000,train/distance,1.14061439037323
ant-friction,0.5,BC_PAR,1,9000,train/distance,0.8629592657089233
ant-friction,0.5,BC_PAR,1,10000,train/distance,0.7071040272712708
ant-friction,0.5,BC_PAR,1,5000,train/encoder_loss,1.5960330963134766
ant-friction,0.5,BC_PAR,1,6000,train/encoder_loss,1.4697284698486328
ant-friction,0.5,BC_PAR,1,7000,train/encoder_loss,1.3516027927398682
ant-friction,0.5,BC_PAR,1,8000,train/encoder_loss,1.2135052680969238
ant-friction,0.5,BC_PAR,1,9000,train/encoder_loss,0.9958452582359314
ant-friction,0.5,BC_PAR,1,10000,train/encoder_loss,0.7742967009544373
ant-friction,0.5,BC_PAR,1,5000,train/logprob,-5.403902530670166
ant-friction,0.5,BC_PAR,1,6000,train/logprob,-2.9923360347747803
ant-friction,0.5,BC_PAR,1,7000,train/logprob,-1.2100708484649658
ant-friction,0.5,BC_PAR,1,8000,train/logprob,-0.3979542851448059
ant-friction,0.5,BC_PAR,1,9000,train/logprob,0.28448575735092163
ant-friction,0.5,BC_PAR,1,10000,train/logprob,1.381666660308838
ant-friction,0.5,BC_PAR,1,5000,train/q1,0.9197620153427124
ant-friction,0.5,BC_PAR,1,6000,train/q1,12.527069091796875
ant-friction,0.5,BC_PAR,1,7000,train/q1,24.202600479125977
ant-friction,0.5,BC_PAR,1,8000,train/q1,35.769535064697266
ant-friction,0.5,BC_PAR,1,9000,train/q1,47.22620391845703
ant-friction,0.5,BC_PAR,1,10000,train/q1,58.64505386352539
ant-friction,0.5,BC_PAR,1,5000,train/src_reward,3.4197418689727783
ant-friction,0.5,BC_PAR,1,6000,train/src_reward,3.528615951538086
ant-friction,0.5,BC_PAR,1,7000,train/src_reward,3.387213706970215
ant-friction,0.5,BC_PAR,1,8000,train/src_reward,3.4764814376831055
ant-friction,0.5,BC_PAR,1,9000,train/src_reward,3.5554068088531494
ant-friction,0.5,BC_PAR,1,10000,train/src_reward,3.5491745471954346
ant-friction,0.5,BC_PAR,2,5000,train/distance,1.611093282699585
ant-friction,0.5,BC_PAR,2,6000,train/distance,1.4515676498413086
ant-friction,0.5,BC_PAR,2,7000,train/distance,1.2627925872802734
ant-friction,0.5,BC_PAR,2,8000,train/distance,0.950709879398346
ant-friction,0.5,BC_PAR,2,9000,train/distance,0.6787555813789368
ant-friction,0.5,BC_PAR,2,10000,train/distance,0.5958203673362732
ant-friction,0.5,BC_PAR,2,5000,train/encoder_loss,1.6142606735229492
ant-friction,0.5,BC_PAR,2,6000,train/encoder_loss,1.464913249015808
ant-friction,0.5,BC_PAR,2,7000,train/encoder_loss,1.3309506177902222
ant-friction,0.5,BC_PAR,2,8000,train/encoder_loss,1.0786280632019043
ant-friction,0.5,BC_PAR,2,9000,train/encoder_loss,0.7733199596405029
ant-friction,0.5,BC_PAR,2,10000,train/encoder_loss,0.7045596837997437
ant-friction,0.5,BC_PAR,2,5000,train/logprob,-5.416086673736572
ant-friction,0.5,BC_PAR,2,6000,train/logprob,-2.531930923461914
ant-friction,0.5,BC_PAR,2,7000,train/logprob,-1.1723852157592773
ant-friction,0.5,BC_PAR,2,8000,train/logprob,0.3451607823371887
ant-friction,0.5,BC_PAR,2,9000,train/logprob,1.7054530382156372
ant-friction,0.5,BC_PAR,2,10000,train/logprob,2.88602614402771
ant-friction,0.5,BC_PAR,2,5000,train/q1,0.7450621724128723
ant-friction,0.5,BC_PAR,2,6000,train/q1,13.299619674682617
ant-friction,0.5,BC_PAR,2,7000,train/q1,24.66128158569336
ant-friction,0.5,BC_PAR,2,8000,train/q1,35.32521057128906
ant-friction,0.5,BC_PAR,2,9000,train/q1,51.611724853515625
ant-friction,0.5,BC_PAR,2,10000,train/q1,65.0469970703125
ant-friction,0.5,BC_PAR,2,5000,train/src_reward,3.456361770629883
ant-friction,0.5,BC_PAR,2,6000,train/src_reward,3.7066195011138916
ant-friction,0.5,BC_PAR,2,7000,train/src_reward,3.313326835632324
ant-friction,0.5,BC_PAR,2,8000,train/src_reward,3.271169424057007
ant-friction,0.5,BC_PAR,2,9000,train/src_reward,3.6984188556671143
ant-friction,0.5,BC_PAR,2,10000,train/src_reward,3.761117458343506
ant-friction,0.5,BC_SAC,0,5000,train/logprob,2.2730720043182373
ant-friction,0.5,BC_SAC,0,10000,train/logprob,5.017066955566406
ant-friction,0.5,BC_SAC,0,5000,train/q1,43.440345764160156
ant-friction,0.5,BC_SAC,0,10000,train/q1,97.87452697753906
ant-friction,0.5,BC_SAC,1,5000,train/logprob,1.6237869262695312
ant-friction,0.5,BC_SAC,1,10000,train/logprob,5.331305027008057
ant-friction,0.5,BC_SAC,1,5000,train/q1,42.29167938232422
ant-friction,0.5,BC_SAC,1,10000,train/q1,89.95611572265625
ant-friction,0.5,BC_SAC,2,5000,train/logprob,2.560823678970337
ant-friction,0.5,BC_SAC,2,10000,train/logprob,4.847060203552246
ant-friction,0.5,BC_SAC,2,5000,train/q1,41.991207122802734
ant-friction,0.5,BC_SAC,2,10000,train/q1,94.20264434814453
ant-friction,0.5,RLPD,0,5000,train/logprob,-1.418213129043579
ant-friction,0.5,RLPD,0,10000,train/logprob,-0.9895340800285339
ant-friction,0.5,RLPD,1,5000,train/logprob,-0.8494037985801697
ant-friction,0.5,RLPD,1,10000,train/logprob,0.9756375551223755
ant-friction,0.5,RLPD,2,5000,train/logprob,0.0241529680788517
ant-friction,0.5,RLPD,2,10000,train/logprob,1.9775575399398804
ant-friction,2.0,BC_PAR,0,5000,train/distance,1.5994009971618652
ant-friction,2.0,BC_PAR,0,6000,train/distance,1.511596918106079
ant-friction,2.0,BC_PAR,0,7000,train/distance,1.3914952278137207
ant-friction,2.0,BC_PAR,0,8000,train/distance,1.1772855520248413
ant-friction,2.0,BC_PAR,0,9000,train/distance,0.9843943119049072
ant-friction,2.0,BC_PAR,0,10000,train/distance,0.8101430535316467
ant-friction,2.0,BC_PAR,0,5000,train/encoder_loss,1.6027642488479614
ant-friction,2.0,BC_PAR,0,6000,train/encoder_loss,1.479825735092163
ant-friction,2.0,BC_PAR,0,7000,train/encoder_loss,1.3231194019317627
ant-friction,2.0,BC_PAR,0,8000,train/encoder_loss,1.1115525960922241
ant-friction,2.0,BC_PAR,0,9000,train/encoder_loss,0.7724217176437378
ant-friction,2.0,BC_PAR,0,10000,train/encoder_loss,0.6478351950645447
ant-friction,2.0,BC_PAR,0,5000,train/logprob,-5.408082962036133
ant-friction,2.0,BC_PAR,0,6000,train/logprob,-2.5952963829040527
ant-friction,2.0,BC_PAR,0,7000,train/logprob,-0.7874113917350769
ant-friction,2.0,BC_PAR,0,8000,train/logprob,0.9537883996963501
ant-friction,2.0,BC_PAR,0,9000,train/logprob,1.7559199333190918
ant-friction,2.0,BC_PAR,0,10000,train/logprob,2.5140492916107178
ant-friction,2.0,BC_PAR,0,5000,train/q1,0.7926267981529236
ant-friction,2.0,BC_PAR,0,6000,train/q1,12.22154426574707
ant-friction,2.0,BC_PAR,0,7000,train/q1,24.719799041748047
ant-friction,2.0,BC_PAR,0,8000,train/q1,36.81410217285156
ant-friction,2.0,BC_PAR,0,9000,train/q1,50.35899353027344
ant-friction,2.0,BC_PAR,0,10000,train/q1,61.12627029418945
ant-friction,2.0,BC_PAR,0,5000,train/src_reward,3.5694358348846436
ant-friction,2.0,BC_PAR,0,6000,train/src_reward,3.3130221366882324
ant-friction,2.0,BC_PAR,0,7000,train/src_reward,3.604616165161133
ant-friction,2.0,BC_PAR,0,8000,train/src_reward,3.5770809650421143
ant-friction,2.0,BC_PAR,0,9000,train/src_reward,3.7907445430755615
ant-friction,2.0,BC_PAR,0,10000,train/src_reward,3.5088233947753906
ant-friction,2.0,BC_PAR,1,5000,train/distance,1.6033282279968262
ant-friction,2.0,BC_PAR,1,6000,train/distance,1.4803789854049683
ant-friction,2.0,BC_PAR,1,7000,train/distance,1.362878680229187
ant-friction,2.0,BC_PAR,1,8000,train/distance,1.1744492053985596
ant-friction,2.0,BC_PAR,1,9000,train/distance,0.883282482624054
ant-friction,2.0,BC_PAR,1,10000,train/distance,0.7347856760025024
ant-friction,2.0,BC_PAR,1,5000,train/encoder_loss,1.5954054594039917
ant-friction,2.0,BC_PAR,1,6000,train/encoder_loss,1.4539724588394165
ant-friction,2.0,BC_PAR,1,7000,train/encoder_loss,1.3603514432907104
ant-friction,2.0,BC_PAR,1,8000,train/encoder_loss,1.2076678276062012
ant-friction,2.0,BC_PAR,1,9000,train/encoder_loss,0.956186056137085
ant-friction,2.0,BC_PAR,1,10000,train/encoder_loss,0.7394561767578125
ant-friction,2.0,BC_PAR,1,5000,train/logprob,-5.4083428382873535
ant-friction,2.0,BC_PAR,1,6000,train/logprob,-2.489166021347046
ant-friction,2.0,BC_PAR,1,7000,train/logprob,-0.5129210352897644
ant-friction,2.0,BC_PAR,1,8000,train/logprob,0.4520902931690216
ant-friction,2.0,BC_PAR,1,9000,train/logprob,1.4335131645202637
ant-friction,2.0,BC_PAR,1,10000,train/logprob,2.1548383235931396
ant-friction,2.0,BC_PAR,1,5000,train/q1,0.9095315933227539
ant-friction,2.0,BC_PAR,1,6000,train/q1,11.799110412597656
ant-friction,2.0,BC_PAR,1,7000,train/q1,23.40989875793457
ant-friction,2.0,BC_PAR,1,8000,train/q1,36.209625244140625
ant-friction,2.0,BC_PAR,1,9000,train/q1,47.64957046508789
ant-friction,2.0,BC_PAR,1,10000,train/q1,59.790016174316406
ant-friction,2.0,BC_PAR,1,5000,train/src_reward,3.4197418689727783
ant-friction,2.0,BC_PAR,1,6000,train/src_reward,3.5278258323669434
ant-friction,2.0,BC_PAR,1,7000,train/src_reward,3.3850345611572266
ant-friction,2.0,BC_PAR,1,8000,train/src_reward,3.473098039627075
ant-friction,2.0,BC_PAR,1,9000,train/src_reward,3.5533740520477295
ant-friction,2.0,BC_PAR,1,10000,train/src_reward,3.5464067459106445
ant-friction,2.0,BC_PAR,2,5000,train/distance,1.611093282699585
ant-friction,2.0,BC_PAR,2,6000,train/distance,1.4506874084472656
ant-friction,2.0,BC_PAR,2,7000,train/distance,1.2788681983947754
ant-friction,2.0,BC_PAR,2,8000,train/distance,0.9913355112075806
ant-friction,2.0,BC_PAR,2,9000,train/distance,0.7183691263198853
ant-friction,2.0,BC_PAR,2,10000,train/distance,0.680516242980957
ant-friction,2.0,BC_PAR,2,5000,train/encoder_loss,1.6190268993377686
ant-friction,2.0,BC_PAR,2,6000,train/encoder_loss,1.4627338647842407
ant-friction,2.0,BC_PAR,2,7000,train/encoder_loss,1.3594951629638672
ant-friction,2.0,BC_PAR,2,8000,train/encoder_loss,1.0611650943756104
ant-friction,2.0,BC_PAR,2,9000,train/encoder_loss,0.7956982254981995
ant-friction,2.0,BC_PAR,2,10000,train/encoder_loss,0.738727331161499
ant-friction,2.0,BC_PAR,2,5000,train/logprob,-5.407283306121826
ant-friction,2.0,BC_PAR,2,6000,train/logprob,-2.3012075424194336
ant-friction,2.0,BC_PAR,2,7000,train/logprob,-0.3245980143547058
ant-friction,2.0,BC_PAR,2,8000,train/logprob,0.6842799782752991
ant-friction,2.0,BC_PAR,2,9000,train/logprob,2.134554624557495
ant-friction,2.0,BC_PAR,2,10000,train/logprob,3.3287038803100586
ant-friction,2.0,BC_PAR,2,5000,train/q1,0.7407835721969604
ant-friction,2.0,BC_PAR,2,6000,train/q1,12.791081428527832
ant-friction,2.0,BC_PAR,2,7000,train/q1,24.223432540893555
ant-friction,2.0,BC_PAR,2,8000,train/q1,36.56719207763672
ant-friction,2.0,BC_PAR,2,9000,train/q1,51.9104118347168
ant-friction,2.0,BC_PAR,2,10000,train/q1,64.41927337646484
ant-friction,2.0,BC_PAR,2,5000,train/src_reward,3.456361770629883
ant-friction,2.0,BC_PAR,2,6000,train/src_reward,3.706707715988159
ant-friction,2.0,BC_PAR,2,7000,train/src_reward,3.3117196559906006
ant-friction,2.0,BC_PAR,2,8000,train/src_reward,3.267106533050537
ant-friction,2.0,BC_PAR,2,9000,train/src_reward,3.6944572925567627
ant-friction,2.0,BC_PAR,2,10000,train/src_reward,3.752647876739502
ant-friction,2.0,BC_SAC,0,5000,train/logprob,3.303835153579712
ant-friction,2.0,BC_SAC,0,10000,train/logprob,5.624732971191406
ant-friction,2.0,BC_SAC,0,5000,train/q1,43.481788635253906
ant-friction,2.0,BC_SAC,0,10000,train/q1,96.12097930908203
ant-friction,2.0,BC_SAC,1,5000,train/logprob,2.5611350536346436
ant-friction,2.0,BC_SAC,1,10000,train/logprob,6.095014572143555
ant-friction,2.0,BC_SAC,1,5000,train/q1,40.48701095581055
ant-friction,2.0,BC_SAC,1,10000,train/q1,93.03563690185547
ant-friction,2.0,BC_SAC,2,5000,train/logprob,2.283566951751709
ant-friction,2.0,BC_SAC,2,10000,train/logprob,6.252833366394043
ant-friction,2.0,BC_SAC,2,5000,train/q1,41.41183090209961
ant-friction,2.0,BC_SAC,2,10000,train/q1,88.80256652832031
ant-friction,2.0,RLPD,0,5000,train/logprob,0.38938501477241516
ant-friction,2.0,RLPD,0,10000,train/logprob,2.3987650871276855
ant-friction,2.0,RLPD,1,5000,train/logprob,-0.5033866763114929
ant-friction,2.0,RLPD,1,10000,train/logprob,0.9768415689468384
ant-friction,2.0,RLPD,2,5000,train/logprob,0.2788824439048767
ant-friction,2.0,RLPD,2,10000,train/logprob,1.4814682006835938
ant-friction,5.0,BC_PAR,0,5000,train/distance,1.5994009971618652
ant-friction,5.0,BC_PAR,0,6000,train/distance,1.5112886428833008
ant-friction,5.0,BC_PAR,0,7000,train/distance,1.4111509323120117
ant-friction,5.0,BC_PAR,0,8000,train/distance,1.2336671352386475
ant-friction,5.0,BC_PAR,0,9000,train/distance,1.047977328300476
ant-friction,5.0,BC_PAR,0,10000,train/distance,0.8730794191360474
ant-friction,5.0,BC_PAR,0,5000,train/encoder_loss,1.6050512790679932
ant-friction,5.0,BC_PAR,0,6000,train/encoder_loss,1.4865853786468506
ant-friction,5.0,BC_PAR,0,7000,train/encoder_loss,1.3747000694274902
ant-friction,5.0,BC_PAR,0,8000,train/encoder_loss,1.1356221437454224
ant-friction,5.0,BC_PAR,0,9000,train/encoder_loss,0.8390089869499207
ant-friction,5.0,BC_PAR,0,10000,train/encoder_loss,0.6875051259994507
ant-friction,5.0,BC_PAR,0,5000,train/logprob,-5.407536029815674
ant-friction,5.0,BC_PAR,0,6000,train/logprob,-2.221243381500244
ant-friction,5.0,BC_PAR,0,7000,train/logprob,-0.270185649394989
ant-friction,5.0,BC_PAR,0,8000,train/logprob,1.1781197786331177
ant-friction,5.0,BC_PAR,0,9000,train/logprob,1.9024914503097534
ant-friction,5.0,BC_PAR,0,10000,train/logprob,2.975433349609375
ant-friction,5.0,BC_PAR,0,5000,train/q1,0.7625458836555481
ant-friction,5.0,BC_PAR,0,6000,train/q1,11.5016508102417
ant-friction,5.0,BC_PAR,0,7000,train/q1,23.710811614990234
ant-friction,5.0,BC_PAR,0,8000,train/q1,36.58169937133789
ant-friction,5.0,BC_PAR,0,9000,train/q1,48.130126953125
ant-friction,5.0,BC_PAR,0,10000,train/q1,58.27605056762695
ant-friction,5.0,BC_PAR,0,5000,train/src_reward,3.5694358348846436
ant-friction,5.0,BC_PAR,0,6000,train/src_reward,3.3130528926849365
ant-friction,5.0,BC_PAR,0,7000,train/src_reward,3.6026504039764404
ant-friction,5.0,BC_PAR,0,8000,train/src_reward,3.5714430809020996
ant-friction,5.0,BC_PAR,0,9000,train/src_reward,3.784386157989502
ant-friction,5.0,BC_PAR,0,10000,train/src_reward,3.5025296211242676
ant-friction,5.0,BC_PAR,1,5000,train/distance,1.6033282279968262
ant-friction,5.0,BC_PAR,1,6000,train/distance,1.4729669094085693
ant-friction,5.0,BC_PAR,1,7000,train/distance,1.3293309211730957
ant-friction,5.0,BC_PAR,1,8000,train/distance,1.1048121452331543
ant-friction,5.0,BC_PAR,1,9000,train/distance,0.783128023147583
ant-friction,5.0,BC_PAR,1,10000,train/distance,0.6251726746559143
ant-friction,5.0,BC_PAR,1,5000,train/encoder_loss,1.5942935943603516
ant-friction,5.0,BC_PAR,1,6000,train/encoder_loss,1.457845687866211
ant-friction,5.0,BC_PAR,1,7000,train/encoder_loss,1.332329511642456
ant-friction,5.0,BC_PAR,1,8000,train/encoder_loss,1.1082974672317505
ant-friction,5.0,BC_PAR,1,9000,train/encoder_loss,0.8769917488098145
ant-friction,5.0,BC_PAR,1,10000,train/encoder_loss,0.6518427133560181
ant-friction,5.0,BC_PAR,1,5000,train/logprob,-5.414522647857666
ant-friction,5.0,BC_PAR,1,6000,train/logprob,-2.265392780303955
ant-friction,5.0,BC_PAR,1,7000,train/logprob,-0.38289040327072144
ant-friction,5.0,BC_PAR,1,8000,train/logprob,0.8312291502952576
ant-friction,5.0,BC_PAR,1,9000,train/logprob,2.2702815532684326
ant-friction,5.0,BC_PAR,1,10000,train/logprob,3.0970382690429688
ant-friction,5.0,BC_PAR,1,5000,train/q1,0.9093767404556274
ant-friction,5.0,BC_PAR,1,6000,train/q1,12.299365997314453
ant-friction,5.0,BC_PAR,1,7000,train/q1,23.925216674804688
ant-friction,5.0,BC_PAR,1,8000,train/q1,36.69072341918945
ant-friction,5.0,BC_PAR,1,9000,train/q1,50.77488708496094
ant-friction,5.0,BC_PAR,1,10000,train/q1,64.13313293457031
ant-friction,5.0,BC_PAR,1,5000,train/src_reward,3.4197418689727783
ant-friction,5.0,BC_PAR,1,6000,train/src_reward,3.528567314147949
ant-friction,5.0,BC_PAR,1,7000,train/src_reward,3.3883891105651855
ant-friction,5.0,BC_PAR,1,8000,train/src_reward,3.4800617694854736
ant-friction,5.0,BC_PAR,1,9000,train/src_reward,3.563389778137207
ant-friction,5.0,BC_PAR,1,10000,train/src_reward,3.5573675632476807
ant-friction,5.0,BC_PAR,2,5000,train/distance,1.611093282699585
ant-friction,5.0,BC_PAR,2,6000,train/distance,1.4576776027679443
ant-friction,5.0,BC_PAR,2,7000,train/distance,1.291597604751587
ant-friction,5.0,BC_PAR,2,8000,train/distance,1.028206706047058
ant-friction,5.0,BC_PAR,2,9000,train/distance,0.7705292105674744
ant-friction,5.0,BC_PAR,2,10000,train/distance,0.7459747791290283
ant-friction,5.0,BC_PAR,2,5000,train/encoder_loss,1.6152312755584717
ant-friction,5.0,BC_PAR,2,6000,train/encoder_loss,1.4727388620376587
ant-friction,5.0,BC_PAR,2,7000,train/encoder_loss,1.3559621572494507
ant-friction,5.0,BC_PAR,2,8000,train/encoder_loss,1.0708959102630615
ant-friction,5.0,BC_PAR,2,9000,train/encoder_loss,0.8461130261421204
ant-friction,5.0,BC_PAR,2,10000,train/encoder_loss,0.7734503149986267
ant-friction,5.0,BC_PAR,2,5000,train/logprob,-5.418746471405029
ant-friction,5.0,BC_PAR,2,6000,train/logprob,-2.161083459854126
ant-friction,5.0,BC_PAR,2,7000,train/logprob,-0.387402206659317
ant-friction,5.0,BC_PAR,2,8000,train/logprob,0.8910693526268005
ant-friction,5.0,BC_PAR,2,9000,train/logprob,2.14585018157959
ant-friction,5.0,BC_PAR,2,10000,train/logprob,3.2958621978759766
ant-friction,5.0,BC_PAR,2,5000,train/q1,0.725658118724823
ant-friction,5.0,BC_PAR,2,6000,train/q1,13.051085472106934
ant-friction,5.0,BC_PAR,2,7000,train/q1,25.235929489135742
ant-friction,5.0,BC_PAR,2,8000,train/q1,36.6552734375
ant-friction,5.0,BC_PAR,2,9000,train/q1,52.551170349121094
ant-friction,5.0,BC_PAR,2,10000,train/q1,63.30479431152344
ant-friction,5.0,BC_PAR,2,5000,train/src_reward,3.456361770629883
ant-friction,5.0,BC_PAR,2,6000,train/src_reward,3.7060084342956543
ant-friction,5.0,BC_PAR,2,7000,train/src_reward,3.310446262359619
ant-friction,5.0,BC_PAR,2,8000,train/src_reward,3.2634196281433105
ant-friction,5.0,BC_PAR,2,9000,train/src_reward,3.6892411708831787
ant-friction,5.0,BC_PAR,2,10000,train/src_reward,3.7461018562316895
ant-friction,5.0,BC_SAC,0,5000,train/logprob,2.9767355918884277
ant-friction,5.0,BC_SAC,0,10000,train/logprob,5.5514607429504395
ant-friction,5.0,BC_SAC,0,5000,train/q1,42.57557678222656
ant-friction,5.0,BC_SAC,0,10000,train/q1,93.30679321289062
ant-friction,5.0,BC_SAC,1,5000,train/logprob,2.5220298767089844
ant-friction,5.0,BC_SAC,1,10000,train/logprob,5.601065158843994
ant-friction,5.0,BC_SAC,1,5000,train/q1,41.60688018798828
ant-friction,5.0,BC_SAC,1,10000,train/q1,97.42520141601562
ant-friction,5.0,BC_SAC,2,5000,train/logprob,2.2842252254486084
ant-friction,5.0,BC_SAC,2,10000,train/logprob,5.640166282653809
ant-friction,5.0,BC_SAC,2,5000,train/q1,41.20754623413086
ant-friction,5.0,BC_SAC,2,10000,train/q1,96.50852966308594
ant-friction,5.0,RLPD,0,5000,train/logprob,-0.680409848690033
ant-friction,5.0,RLPD,0,10000,train/logprob,2.2195539474487305
ant-friction,5.0,RLPD,1,5000,train/logprob,-0.3605552613735199
ant-friction,5.0,RLPD,1,10000,train/logprob,1.9559959173202515
ant-friction,5.0,RLPD,2,5000,train/logprob,-0.7408422231674194
ant-friction,5.0,RLPD,2,10000,train/logprob,2.917880058288574
halfcheetah-friction,0.1,BC_PAR,0,5000,train/distance,1.5821013450622559
halfcheetah-friction,0.1,BC_PAR,0,6000,train/distance,1.4945648908615112
halfcheetah-friction,0.1,BC_PAR,0,7000,train/distance,1.2587001323699951
halfcheetah-friction,0.1,BC_PAR,0,8000,train/distance,0.7850160002708435
halfcheetah-friction,0.1,BC_PAR,0,9000,train/distance,0.4884195029735565
halfcheetah-friction,0.1,BC_PAR,0,10000,train/distance,0.336374968290329
halfcheetah-friction,0.1,BC_PAR,0,5000,train/encoder_loss,1.585728645324707
halfcheetah-friction,0.1,BC_PAR,0,6000,train/encoder_loss,1.4162715673446655
halfcheetah-friction,0.1,BC_PAR,0,7000,train/encoder_loss,1.1055147647857666
halfcheetah-friction,0.1,BC_PAR,0,8000,train/encoder_loss,0.704797625541687
halfcheetah-friction,0.1,BC_PAR,0,9000,train/encoder_loss,0.39634114503860474
halfcheetah-friction,0.1,BC_PAR,0,10000,train/encoder_loss,0.290912926197052
halfcheetah-friction,0.1,BC_PAR,0,5000,train/logprob,-3.4179468154907227
halfcheetah-friction,0.1,BC_PAR,0,6000,train/logprob,-1.3598716259002686
halfcheetah-friction,0.1,BC_PAR,0,7000,train/logprob,-0.02135482057929039
halfcheetah-friction,0.1,BC_PAR,0,8000,train/logprob,0.7019402384757996
halfcheetah-friction,0.1,BC_PAR,0,9000,train/logprob,1.879685401916504
halfcheetah-friction,0.1,BC_PAR,0,10000,train/logprob,2.299260377883911
halfcheetah-friction,0.1,BC_PAR,0,5000,train/q1,2.8079659938812256
halfcheetah-friction,0.1,BC_PAR,0,6000,train/q1,13.17904281616211
halfcheetah-friction,0.1,BC_PAR,0,7000,train/q1,23.788211822509766
halfcheetah-friction,0.1,BC_PAR,0,8000,train/q1,33.505043029785156
halfcheetah-friction,0.1,BC_PAR,0,9000,train/q1,43.95058822631836
halfcheetah-friction,0.1,BC_PAR,0,10000,train/q1,51.907249450683594
halfcheetah-friction,0.1,BC_PAR,0,5000,train/src_reward,4.894352912902832
halfcheetah-friction,0.1,BC_PAR,0,6000,train/src_reward,4.534183025360107
halfcheetah-friction,0.1,BC_PAR,0,7000,train/src_reward,4.609774112701416
halfcheetah-friction,0.1,BC_PAR,0,8000,train/src_reward,4.693116664886475
halfcheetah-friction,0.1,BC_PAR,0,9000,train/src_reward,4.835184097290039
halfcheetah-friction,0.1,BC_PAR,0,10000,train/src_reward,4.863739013671875
halfcheetah-friction,0.1,BC_PAR,1,5000,train/distance,1.58323335647583
halfcheetah-friction,0.1,BC_PAR,1,6000,train/distance,1.4898302555084229
halfcheetah-friction,0.1,BC_PAR,1,7000,train/distance,1.3007879257202148
halfcheetah-friction,0.1,BC_PAR,1,8000,train/distance,0.9368661046028137
halfcheetah-friction,0.1,BC_PAR,1,9000,train/distance,0.5858635306358337
halfcheetah-friction,0.1,BC_PAR,1,10000,train/distance,0.43037450313568115
halfcheetah-friction,0.1,BC_PAR,1,5000,train/encoder_loss,1.5820286273956299
halfcheetah-friction,0.1,BC_PAR,1,6000,train/encoder_loss,1.4414929151535034
halfcheetah-friction,0.1,BC_PAR,1,7000,train/encoder_loss,1.2151955366134644
halfcheetah-friction,0.1,BC_PAR,1,8000,train/encoder_loss,0.8351340889930725
halfcheetah-friction,0.1,BC_PAR,1,9000,train/encoder_loss,0.48660093545913696
halfcheetah-friction,0.1,BC_PAR,1,10000,train/encoder_loss,0.33733484148979187
halfcheetah-friction,0.1,BC_PAR,1,5000,train/logprob,-3.5689306259155273
halfcheetah-friction,0.1,BC_PAR,1,6000,train/logprob,-1.5454267263412476
halfcheetah-friction,0.1,BC_PAR,1,7000,train/logprob,0.01661604456603527
halfcheetah-friction,0.1,BC_PAR,1,8000,train/logprob,0.5026474595069885
halfcheetah-friction,0.1,BC_PAR,1,9000,train/logprob,1.6010533571243286
halfcheetah-friction,0.1,BC_PAR,1,10000,train/logprob,2.4013781547546387
halfcheetah-friction,0.1,BC_PAR,1,5000,train/q1,1.874842882156372
halfcheetah-friction,0.1,BC_PAR,1,6000,train/q1,13.46670913696289
halfcheetah-friction,0.1,BC_PAR,1,7000,train/q1,24.07574462890625
halfcheetah-friction,0.1,BC_PAR,1,8000,train/q1,33.42301940917969
halfcheetah-friction,0.1,BC_PAR,1,9000,train/q1,42.34579086303711
halfcheetah-friction,0.1,BC_PAR,1,10000,train/q1,51.339454650878906
halfcheetah-friction,0.1,BC_PAR,1,5000,train/src_reward,4.796045780181885
halfcheetah-friction,0.1,BC_PAR,1,6000,train/src_reward,4.646025657653809
halfcheetah-friction,0.1,BC_PAR,1,7000,train/src_reward,4.810832500457764
halfcheetah-friction,0.1,BC_PAR,1,8000,train/src_reward,4.726861000061035
halfcheetah-friction,0.1,BC_PAR,1,9000,train/src_reward,4.715682029724121
halfcheetah-friction,0.1,BC_PAR,1,10000,train/src_reward,4.885922431945801
halfcheetah-friction,0.1,BC_PAR,2,5000,train/distance,1.6176472902297974
halfcheetah-friction,0.1,BC_PAR,2,6000,train/distance,1.520387053489685
halfcheetah-friction,0.1,BC_PAR,2,7000,train/distance,1.3062465190887451
halfcheetah-friction,0.1,BC_PAR,2,8000,train/distance,0.8987657427787781
halfcheetah-friction,0.1,BC_PAR,2,9000,train/distance,0.5299432873725891
halfcheetah-friction,0.1,BC_PAR,2,10000,train/distance,0.3755699098110199
halfcheetah-friction,0.1,BC_PAR,2,5000,train/encoder_loss,1.6141302585601807
halfcheetah-friction,0.1,BC_PAR,2,6000,train/encoder_loss,1.4614039659500122
halfcheetah-friction,0.1,BC_PAR,2,7000,train/encoder_loss,1.2619584798812866
halfcheetah-friction,0.1,BC_PAR,2,8000,train/encoder_loss,0.8436706066131592
halfcheetah-friction,0.1,BC_PAR,2,9000,train/encoder_loss,0.48700928688049316
halfcheetah-friction,0.1,BC_PAR,2,10000,train/encoder_loss,0.3433973789215088
halfcheetah-friction,0.1,BC_PAR,2,5000,train/logprob,-3.298541784286499
halfcheetah-friction,0.1,BC_PAR,2,6000,train/logprob,-1.5350714921951294
halfcheetah-friction,0.1,BC_PAR,2,7000,train/logprob,-0.35602909326553345
halfcheetah-friction,0.1,BC_PAR,2,8000,train/logprob,0.8318560123443604
halfcheetah-friction,0.1,BC_PAR,2,9000,train/logprob,1.8449231386184692
halfcheetah-friction,0.1,BC_PAR,2,10000,train/logprob,1.9818150997161865
halfcheetah-friction,0.1,BC_PAR,2,5000,train/q1,2.5508344173431396
halfcheetah-friction,0.1,BC_PAR,2,6000,train/q1,14.075157165527344
halfcheetah-friction,0.1,BC_PAR,2,7000,train/q1,24.103069305419922
halfcheetah-friction,0.1,BC_PAR,2,8000,train/q1,34.54323959350586
halfcheetah-friction,0.1,BC_PAR,2,9000,train/q1,43.906707763671875
halfcheetah-friction,0.1,BC_PAR,2,10000,train/q1,51.97567367553711
halfcheetah-friction,0.1,BC_PAR,2,5000,train/src_reward,4.551059722900391
halfcheetah-friction,0.1,BC_PAR,2,6000,train/src_reward,4.730587005615234
halfcheetah-friction,0.1,BC_PAR,2,7000,train/src_reward,4.6472578048706055
halfcheetah-friction,0.1,BC_PAR,2,8000,train/src_reward,4.7267584800720215
halfcheetah-friction,0.1,BC_PAR,2,9000,train/src_reward,4.7115020751953125
halfcheetah-friction,0.1,BC_PAR,2,10000,train/src_reward,4.695226669311523
halfcheetah-friction,0.1,BC_SAC,0,5000,train/logprob,1.6866546869277954
halfcheetah-friction,0.1,BC_SAC,0,10000,train/logprob,4.1923089027404785
halfcheetah-friction,0.1,BC_SAC,0,5000,train/q1,38.04298400878906
halfcheetah-friction,0.1,BC_SAC,0,10000,train/q1,75.29283905029297
halfcheetah-friction,0.1,BC_SAC,1,5000,train/logprob,1.8152533769607544
halfcheetah-friction,0.1,BC_SAC,1,10000,train/logprob,5.104672908782959
halfcheetah-friction,0.1,BC_SAC,1,5000,train/q1,36.88718795776367
halfcheetah-friction,0.1,BC_SAC,1,10000,train/q1,74.46995544433594
halfcheetah-friction,0.1,BC_SAC,2,5000,train/logprob,2.128840446472168
halfcheetah-friction,0.1,BC_SAC,2,10000,train/logprob,5.18156623840332
halfcheetah-friction,0.1,BC_SAC,2,5000,train/q1,38.54875946044922
halfcheetah-friction,0.1,BC_SAC,2,10000,train/q1,73.13125610351562
halfcheetah-friction,0.1,RLPD,0,5000,train/logprob,-2.640566110610962
halfcheetah-friction,0.1,RLPD,0,10000,train/logprob,-0.32155871391296387
halfcheetah-friction,0.1,RLPD,1,5000,train/logprob,-1.81256103515625
halfcheetah-friction,0.1,RLPD,1,10000,train/logprob,0.5569681525230408
halfcheetah-friction,0.1,RLPD,2,5000,train/logprob,-0.1915871798992157
halfcheetah-friction,0.1,RLPD,2,10000,train/logprob,-0.6762652397155762
halfcheetah-friction,0.5,BC_PAR,0,5000,train/distance,1.5821013450622559
halfcheetah-friction,0.5,BC_PAR,0,6000,train/distance,1.4914674758911133
halfcheetah-friction,0.5,BC_PAR,0,7000,train/distance,1.2428081035614014
halfcheetah-friction,0.5,BC_PAR,0,8000,train/distance,0.7825180292129517
halfcheetah-friction,0.5,BC_PAR,0,9000,train/distance,0.5171049237251282
halfcheetah-friction,0.5,BC_PAR,0,10000,train/distance,0.38264623284339905
halfcheetah-friction,0.5,BC_PAR,0,5000,train/encoder_loss,1.5955007076263428
halfcheetah-friction,0.5,BC_PAR,0,6000,train/encoder_loss,1.3935258388519287
halfcheetah-friction,0.5,BC_PAR,0,7000,train/encoder_loss,1.0685216188430786
halfcheetah-friction,0.5,BC_PAR,0,8000,train/encoder_loss,0.6281149387359619
halfcheetah-friction,0.5,BC_PAR,0,9000,train/encoder_loss,0.3513728678226471
halfcheetah-friction,0.5,BC_PAR,0,10000,train/encoder_loss,0.2717992067337036
halfcheetah-friction,0.5,BC_PAR,0,5000,train/logprob,-3.4227683544158936
halfcheetah-friction,0.5,BC_PAR,0,6000,train/logprob,-1.3727728128433228
halfcheetah-friction,0.5,BC_PAR,0,7000,train/logprob,-0.22309556603431702
halfcheetah-friction,0.5,BC_PAR,0,8000,train/logprob,0.8027287721633911
halfcheetah-friction,0.5,BC_PAR,0,9000,train/logprob,2.1721715927124023
halfcheetah-friction,0.5,BC_PAR,0,10000,train/logprob,2.377140998840332
halfcheetah-friction,0.5,BC_PAR,0,5000,train/q1,2.8142828941345215
halfcheetah-friction,0.5,BC_PAR,0,6000,train/q1,12.994573593139648
halfcheetah-friction,0.5,BC_PAR,0,7000,train/q1,23.387195587158203
halfcheetah-friction,0.5,BC_PAR,0,8000,train/q1,32.97446823120117
halfcheetah-friction,0.5,BC_PAR,0,9000,train/q1,43.40760040283203
halfcheetah-friction,0.5,BC_PAR,0,10000,train/q1,51.50937271118164
halfcheetah-friction,0.5,BC_PAR,0,5000,train/src_reward,4.894352912902832
halfcheetah-friction,0.5,BC_PAR,0,6000,train/src_reward,4.5344929695129395
halfcheetah-friction,0.5,BC_PAR,0,7000,train/src_reward,4.611363887786865
halfcheetah-friction,0.5,BC_PAR,0,8000,train/src_reward,4.693366527557373
halfcheetah-friction,0.5,BC_PAR,0,9000,train/src_reward,4.832315444946289
halfcheetah-friction,0.5,BC_PAR,0,10000,train/src_reward,4.859111309051514
halfcheetah-friction,0.5,BC_PAR,1,5000,train/distance,1.58323335647583
halfcheetah-friction,0.5,BC_PAR,1,6000,train/distance,1.486195683479309
halfcheetah-friction,0.5,BC_PAR,1,7000,train/distance,1.279517412185669
halfcheetah-friction,0.5,BC_PAR,1,8000,train/distance,0.9012527465820312
halfcheetah-friction,0.5,BC_PAR,1,9000,train/distance,0.5426223278045654
halfcheetah-friction,0.5,BC_PAR,1,10000,train/distance,0.38428667187690735
halfcheetah-friction,0.5,BC_PAR,1,5000,train/encoder_loss,1.5861537456512451
halfcheetah-friction,0.5,BC_PAR,1,6000,train/encoder_loss,1.43295156955719
halfcheetah-friction,0.5,BC_PAR,1,7000,train/encoder_loss,1.2045800685882568
halfcheetah-friction,0.5,BC_PAR,1,8000,train/encoder_loss,0.8144598603248596
halfcheetah-friction,0.5,BC_PAR,1,9000,train/encoder_loss,0.4827413558959961
halfcheetah-friction,0.5,BC_PAR,1,10000,train/encoder_loss,0.3537205457687378
halfcheetah-friction,0.5,BC_PAR,1,5000,train/logprob,-3.583071231842041
halfcheetah-friction,0.5,BC_PAR,1,6000,train/logprob,-1.4641578197479248
halfcheetah-friction,0.5,BC_PAR,1,7000,train/logprob,0.01555617805570364
halfcheetah-friction,0.5,BC_PAR,1,8000,train/logprob,0.5637823343276978
halfcheetah-friction,0.5,BC_PAR,1,9000,train/logprob,1.6356440782546997
halfcheetah-friction,0.5,BC_PAR,1,10000,train/logprob,2.319035530090332
halfcheetah-friction,0.5,BC_PAR,1,5000,train/q1,1.9133418798446655
halfcheetah-friction,0.5,BC_PAR,1,6000,train/q1,13.605341911315918
halfcheetah-friction,0.5,BC_PAR,1,7000,train/q1,24.13410758972168
halfcheetah-friction,0.5,BC_PAR,1,8000,train/q1,34.78711700439453
halfcheetah-friction,0.5,BC_PAR,1,9000,train/q1,45.14498519897461
halfcheetah-friction,0.5,BC_PAR,1,10000,train/q1,54.56601333618164
halfcheetah-friction,0.5,BC_PAR,1,5000,train/src_reward,4.796045780181885
halfcheetah-friction,0.5,BC_PAR,1,6000,train/src_reward,4.646388530731201
halfcheetah-friction,0.5,BC_PAR,1,7000,train/src_reward,4.812959671020508
halfcheetah-friction,0.5,BC_PAR,1,8000,train/src_reward,4.730422496795654
halfcheetah-friction,0.5,BC_PAR,1,9000,train/src_reward,4.720005512237549
halfcheetah-friction,0.5,BC_PAR,1,10000,train/src_reward,4.890530586242676
halfcheetah-friction,0.5,BC_PAR,2,5000,train/distance,1.6176472902297974
halfcheetah-friction,0.5,BC_PAR,2,6000,train/distance,1.516040325164795
halfcheetah-friction,0.5,BC_PAR,2,7000,train/distance,1.3154098987579346
halfcheetah-friction,0.5,BC_PAR,2,8000,train/distance,0.9381482601165771
halfcheetah-friction,0.5,BC_PAR,2,9000,train/distance,0.6132544279098511
halfcheetah-friction,0.5,BC_PAR,2,10000,train/distance,0.46852901577949524
halfcheetah-friction,0.5,BC_PAR,2,5000,train/encoder_loss,1.6101560592651367
halfcheetah-friction,0.5,BC_PAR,2,6000,train/encoder_loss,1.4329806566238403
halfcheetah-friction,0.5,BC_PAR,2,7000,train/encoder_loss,1.224829077720642
halfcheetah-friction,0.5,BC_PAR,2,8000,train/encoder_loss,0.7930337190628052
halfcheetah-friction,0.5,BC_PAR,2,9000,train/encoder_loss,0.4411674737930298
halfcheetah-friction,0.5,BC_PAR,2,10000,train/encoder_loss,0.32637107372283936
halfcheetah-friction,0.5,BC_PAR,2,5000,train/logprob,-3.345780372619629
halfcheetah-friction,0.5,BC_PAR,2,6000,train/logprob,-1.4168813228607178
halfcheetah-friction,0.5,BC_PAR,2,7000,train/logprob,-0.2687460482120514
halfcheetah-friction,0.5,BC_PAR,2,8000,train/logprob,1.0219918489456177
halfcheetah-friction,0.5,BC_PAR,2,9000,train/logprob,1.9000071287155151
halfcheetah-friction,0.5,BC_PAR,2,10000,train/logprob,2.147907257080078
halfcheetah-friction,0.5,BC_PAR,2,5000,train/q1,2.4505980014801025
halfcheetah-friction,0.5,BC_PAR,2,6000,train/q1,13.36431884765625
halfcheetah-friction,0.5,BC_PAR,2,7000,train/q1,22.94647979736328
halfcheetah-friction,0.5,BC_PAR,2,8000,train/q1,33.00863265991211
halfcheetah-friction,0.5,BC_PAR,2,9000,train/q1,42.11772537231445
halfcheetah-friction,0.5,BC_PAR,2,10000,train/q1,50.10193634033203
halfcheetah-friction,0.5,BC_PAR,2,5000,train/src_reward,4.551059722900391
halfcheetah-friction,0.5,BC_PAR,2,6000,train/src_reward,4.731021404266357
halfcheetah-friction,0.5,BC_PAR,2,7000,train/src_reward,4.646341323852539
halfcheetah-friction,0.5,BC_PAR,2,8000,train/src_reward,4.72282075881958
halfcheetah-friction,0.5,BC_PAR,2,9000,train/src_reward,4.7031707763671875
halfcheetah-friction,0.5,BC_PAR,2,10000,train/src_reward,4.6859307289123535
halfcheetah-friction,0.5,BC_SAC,0,5000,train/logprob,1.866779088973999
halfcheetah-friction,0.5,BC_SAC,0,10000,train/logprob,3.883932113647461
halfcheetah-friction,0.5,BC_SAC,0,5000,train/q1,37.71806716918945
halfcheetah-friction,0.5,BC_SAC,0,10000,train/q1,71.30596160888672
halfcheetah-friction,0.5,BC_SAC,1,5000,train/logprob,2.4914324283599854
halfcheetah-friction,0.5,BC_SAC,1,10000,train/logprob,5.261573791503906
halfcheetah-friction,0.5,BC_SAC,1,5000,train/q1,38.91033935546875
halfcheetah-friction,0.5,BC_SAC,1,10000,train/q1,75.95710754394531
halfcheetah-friction,0.5,BC_SAC,2,5000,train/logprob,2.4557878971099854
halfcheetah-friction,0.5,BC_SAC,2,10000,train/logprob,4.801759243011475
halfcheetah-friction,0.5,BC_SAC,2,5000,train/q1,40.266990661621094
halfcheetah-friction,0.5,BC_SAC,2,10000,train/q1,73.93470764160156
halfcheetah-friction,0.5,RLPD,0,5000,train/logprob,-1.3874238729476929
halfcheetah-friction,0.5,RLPD,0,10000,train/logprob,-1.9826209545135498
halfcheetah-friction,0.5,RLPD,1,5000,train/logprob,-0.48775261640548706
halfcheetah-friction,0.5,RLPD,1,10000,train/logprob,1.02128267288208
halfcheetah-friction,0.5,RLPD,2,5000,train/logprob,-0.2036978155374527
halfcheetah-friction,0.5,RLPD,2,10000,train/logprob,-0.4832346439361572
halfcheetah-friction,2.0,BC_PAR,0,5000,train/distance,1.5821013450622559
halfcheetah-friction,2.0,BC_PAR,0,6000,train/distance,1.4929726123809814
halfcheetah-friction,2.0,BC_PAR,0,7000,train/distance,1.2622560262680054
halfcheetah-friction,2.0,BC_PAR,0,8000,train/distance,0.8056799173355103
halfcheetah-friction,2.0,BC_PAR,0,9000,train/distance,0.5364066362380981
halfcheetah-friction,2.0,BC_PAR,0,10000,train/distance,0.38718873262405396
halfcheetah-friction,2.0,BC_PAR,0,5000,train/encoder_loss,1.5846108198165894
halfcheetah-friction,2.0,BC_PAR,0,6000,train/encoder_loss,1.400421142578125
halfcheetah-friction,2.0,BC_PAR,0,7000,train/encoder_loss,1.0787593126296997
halfcheetah-friction,2.0,BC_PAR,0,8000,train/encoder_loss,0.646990180015564
halfcheetah-friction,2.0,BC_PAR,0,9000,train/encoder_loss,0.365631103515625
halfcheetah-friction,2.0,BC_PAR,0,10000,train/encoder_loss,0.2721351087093353
halfcheetah-friction,2.0,BC_PAR,0,5000,train/logprob,-3.4586360454559326
halfcheetah-friction,2.0,BC_PAR,0,6000,train/logprob,-1.3976072072982788
halfcheetah-friction,2.0,BC_PAR,0,7000,train/logprob,0.16836515069007874
halfcheetah-friction,2.0,BC_PAR,0,8000,train/logprob,0.925110399723053
halfcheetah-friction,2.0,BC_PAR,0,9000,train/logprob,2.251122236251831
halfcheetah-friction,2.0,BC_PAR,0,10000,train/logprob,2.722700595855713
halfcheetah-friction,2.0,BC_PAR,0,5000,train/q1,2.787464141845703
halfcheetah-friction,2.0,BC_PAR,0,6000,train/q1,12.90627384185791
halfcheetah-friction,2.0,BC_PAR,0,7000,train/q1,23.34869956970215
halfcheetah-friction,2.0,BC_PAR,0,8000,train/q1,32.67928695678711
halfcheetah-friction,2.0,BC_PAR,0,9000,train/q1,43.16653823852539
halfcheetah-friction,2.0,BC_PAR,0,10000,train/q1,51.150360107421875
halfcheetah-friction,2.0,BC_PAR,0,5000,train/src_reward,4.894352912902832
halfcheetah-friction,2.0,BC_PAR,0,6000,train/src_reward,4.5343427658081055
halfcheetah-friction,2.0,BC_PAR,0,7000,train/src_reward,4.609418869018555
halfcheetah-friction,2.0,BC_PAR,0,8000,train/src_reward,4.6910505294799805
halfcheetah-friction,2.0,BC_PAR,0,9000,train/src_reward,4.830385208129883
halfcheetah-friction,2.0,BC_PAR,0,10000,train/src_reward,4.858657360076904
halfcheetah-friction,2.0,BC_PAR,1,5000,train/distance,1.58323335647583
halfcheetah-friction,2.0,BC_PAR,1,6000,train/distance,1.4773927927017212
halfcheetah-friction,2.0,BC_PAR,1,7000,train/distance,1.273645281791687
halfcheetah-friction,2.0,BC_PAR,1,8000,train/distance,0.9060481190681458
halfcheetah-friction,2.0,BC_PAR,1,9000,train/distance,0.5671621561050415
halfcheetah-friction,2.0,BC_PAR,1,10000,train/distance,0.40950924158096313
halfcheetah-friction,2.0,BC_PAR,1,5000,train/encoder_loss,1.5827112197875977
halfcheetah-friction,2.0,BC_PAR,1,6000,train/encoder_loss,1.4335311651229858
halfcheetah-friction,2.0,BC_PAR,1,7000,train/encoder_loss,1.2169313430786133
halfcheetah-friction,2.0,BC_PAR,1,8000,train/encoder_loss,0.8187026381492615
halfcheetah-friction,2.0,BC_PAR,1,9000,train/encoder_loss,0.4862414002418518
halfcheetah-friction,2.0,BC_PAR,1,10000,train/encoder_loss,0.3422463536262512
halfcheetah-friction,2.0,BC_PAR,1,5000,train/logprob,-3.5752081871032715
halfcheetah-friction,2.0,BC_PAR,1,6000,train/logprob,-1.500726342201233
halfcheetah-friction,2.0,BC_PAR,1,7000,train/logprob,0.06400623172521591
halfcheetah-friction,2.0,BC_PAR,1,8000,train/logprob,0.5048317313194275
halfcheetah-friction,2.0,BC_PAR,1,9000,train/logprob,1.4283185005187988
halfcheetah-friction,2.0,BC_PAR,1,10000,train/logprob,2.6527912616729736
halfcheetah-friction,2.0,BC_PAR,1,5000,train/q1,1.8640342950820923
halfcheetah-friction,2.0,BC_PAR,1,6000,train/q1,13.474493980407715
halfcheetah-friction,2.0,BC_PAR,1,7000,train/q1,24.056909561157227
halfcheetah-friction,2.0,BC_PAR,1,8000,train/q1,34.578041076660156
halfcheetah-friction,2.0,BC_PAR,1,9000,train/q1,43.74403762817383
halfcheetah-friction,2.0,BC_PAR,1,10000,train/q1,52.72480773925781
halfcheetah-friction,2.0,BC_PAR,1,5000,train/src_reward,4.796045780181885
halfcheetah-friction,2.0,BC_PAR,1,6000,train/src_reward,4.647269248962402
halfcheetah-friction,2.0,BC_PAR,1,7000,train/src_reward,4.813546657562256
halfcheetah-friction,2.0,BC_PAR,1,8000,train/src_reward,4.729943752288818
halfcheetah-friction,2.0,BC_PAR,1,9000,train/src_reward,4.717551231384277
halfcheetah-friction,2.0,BC_PAR,1,10000,train/src_reward,4.888009071350098
halfcheetah-friction,2.0,BC_PAR,2,5000,train/distance,1.6176472902297974
halfcheetah-friction,2.0,BC_PAR,2,6000,train/distance,1.5154169797897339
halfcheetah-friction,2.0,BC_PAR,2,7000,train/distance,1.3110121488571167
halfcheetah-friction,2.0,BC_PAR,2,8000,train/distance,0.9332858324050903
halfcheetah-friction,2.0,BC_PAR,2,9000,train/distance,0.6175099015235901
halfcheetah-friction,2.0,BC_PAR,2,10000,train/distance,0.4726322591304779
halfcheetah-friction,2.0,BC_PAR,2,5000,train/encoder_loss,1.6081722974777222
halfcheetah-friction,2.0,BC_PAR,2,6000,train/encoder_loss,1.442479133605957
halfcheetah-friction,2.0,BC_PAR,2,7000,train/encoder_loss,1.2167363166809082
halfcheetah-friction,2.0,BC_PAR,2,8000,train/encoder_loss,0.7704784274101257
halfcheetah-friction,2.0,BC_PAR,2,9000,train/encoder_loss,0.4258771240711212
halfcheetah-friction,2.0,BC_PAR,2,10000,train/encoder_loss,0.30470842123031616
halfcheetah-friction,2.0,BC_PAR,2,5000,train/logprob,-3.3322267532348633
halfcheetah-friction,2.0,BC_PAR,2,6000,train/logprob,-1.4339158535003662
halfcheetah-friction,2.0,BC_PAR,2,7000,train/logprob,-0.15737733244895935
halfcheetah-friction,2.0,BC_PAR,2,8000,train/logprob,0.8622099161148071
halfcheetah-friction,2.0,BC_PAR,2,9000,train/logprob,1.6812818050384521
halfcheetah-friction,2.0,BC_PAR,2,10000,train/logprob,1.856286883354187
halfcheetah-friction,2.0,BC_PAR,2,5000,train/q1,2.4992549419403076
halfcheetah-friction,2.0,BC_PAR,2,6000,train/q1,13.548377990722656
halfcheetah-friction,2.0,BC_PAR,2,7000,train/q1,23.31092071533203
halfcheetah-friction,2.0,BC_PAR,2,8000,train/q1,33.400474548339844
halfcheetah-friction,2.0,BC_PAR,2,9000,train/q1,42.56293487548828
halfcheetah-friction,2.0,BC_PAR,2,10000,train/q1,50.7644157409668
halfcheetah-friction,2.0,BC_PAR,2,5000,train/src_reward,4.551059722900391
halfcheetah-friction,2.0,BC_PAR,2,6000,train/src_reward,4.731083869934082
halfcheetah-friction,2.0,BC_PAR,2,7000,train/src_reward,4.6467814445495605
halfcheetah-friction,2.0,BC_PAR,2,8000,train/src_reward,4.723307132720947
halfcheetah-friction,2.0,BC_PAR,2,9000,train/src_reward,4.70274543762207
halfcheetah-friction,2.0,BC_PAR,2,10000,train/src_reward,4.685520172119141
halfcheetah-friction,2.0,BC_SAC,0,5000,train/logprob,2.480966329574585
halfcheetah-friction,2.0,BC_SAC,0,10000,train/logprob,6.442990779876709
halfcheetah-friction,2.0,BC_SAC,0,5000,train/q1,40.1003303527832
halfcheetah-friction,2.0,BC_SAC,0,10000,train/q1,86.40023803710938
halfcheetah-friction,2.0,BC_SAC,1,5000,train/logprob,2.6399667263031006
halfcheetah-friction,2.0,BC_SAC,1,10000,train/logprob,6.086620330810547
halfcheetah-friction,2.0,BC_SAC,1,5000,train/q1,39.429039001464844
halfcheetah-friction,2.0,BC_SAC,1,10000,train/q1,85.02749633789062
halfcheetah-friction,2.0,BC_SAC,2,5000,train/logprob,2.8143038749694824
halfcheetah-friction,2.0,BC_SAC,2,10000,train/logprob,5.824546813964844
halfcheetah-friction,2.0,BC_SAC,2,5000,train/q1,37.67980194091797
halfcheetah-friction,2.0,BC_SAC,2,10000,train/q1,73.31565856933594
halfcheetah-friction,2.0,RLPD,0,5000,train/logprob,0.2963118851184845
halfcheetah-friction,2.0,RLPD,0,10000,train/logprob,2.0096797943115234
halfcheetah-friction,2.0,RLPD,1,5000,train/logprob,-2.5147299766540527
halfcheetah-friction,2.0,RLPD,1,10000,train/logprob,-2.133786678314209
halfcheetah-friction,2.0,RLPD,2,5000,train/logprob,0.45635756850242615
halfcheetah-friction,2.0,RLPD,2,10000,train/logprob,2.861584186553955
halfcheetah-friction,5.0,BC_PAR,0,5000,train/distance,1.5821013450622559
halfcheetah-friction,5.0,BC_PAR,0,6000,train/distance,1.4967139959335327
halfcheetah-friction,5.0,BC_PAR,0,7000,train/distance,1.275334119796753
halfcheetah-friction,5.0,BC_PAR,0,8000,train/distance,0.8255133032798767
halfcheetah-friction,5.0,BC_PAR,0,9000,train/distance,0.5521944165229797
halfcheetah-friction,5.0,BC_PAR,0,10000,train/distance,0.40855032205581665
halfcheetah-friction,5.0,BC_PAR,0,5000,train/encoder_loss,1.5783644914627075
halfcheetah-friction,5.0,BC_PAR,0,6000,train/encoder_loss,1.3871876001358032
halfcheetah-friction,5.0,BC_PAR,0,7000,train/encoder_loss,1.0927566289901733
halfcheetah-friction,5.0,BC_PAR,0,8000,train/encoder_loss,0.6443605422973633
halfcheetah-friction,5.0,BC_PAR,0,9000,train/encoder_loss,0.38302403688430786
halfcheetah-friction,5.0,BC_PAR,0,10000,train/encoder_loss,0.28123125433921814
halfcheetah-friction,5.0,BC_PAR,0,5000,train/logprob,-3.4393420219421387
halfcheetah-friction,5.0,BC_PAR,0,6000,train/logprob,-1.0996366739273071
halfcheetah-friction,5.0,BC_PAR,0,7000,train/logprob,0.29244330525398254
halfcheetah-friction,5.0,BC_PAR,0,8000,train/logprob,1.0787512063980103
halfcheetah-friction,5.0,BC_PAR,0,9000,train/logprob,2.386047840118408
halfcheetah-friction,5.0,BC_PAR,0,10000,train/logprob,2.3518528938293457
halfcheetah-friction,5.0,BC_PAR,0,5000,train/q1,2.635021209716797
halfcheetah-friction,5.0,BC_PAR,0,6000,train/q1,12.474000930786133
halfcheetah-friction,5.0,BC_PAR,0,7000,train/q1,22.713729858398438
halfcheetah-friction,5.0,BC_PAR,0,8000,train/q1,31.983430862426758
halfcheetah-friction,5.0,BC_PAR,0,9000,train/q1,41.874244689941406
halfcheetah-friction,5.0,BC_PAR,0,10000,train/q1,49.26504135131836
halfcheetah-friction,5.0,BC_PAR,0,5000,train/src_reward,4.894352912902832
halfcheetah-friction,5.0,BC_PAR,0,6000,train/src_reward,4.533967971801758
halfcheetah-friction,5.0,BC_PAR,0,7000,train/src_reward,4.6081109046936035
halfcheetah-friction,5.0,BC_PAR,0,8000,train/src_reward,4.689067363739014
halfcheetah-friction,5.0,BC_PAR,0,9000,train/src_reward,4.8288068771362305
halfcheetah-friction,5.0,BC_PAR,0,10000,train/src_reward,4.856521129608154
halfcheetah-friction,5.0,BC_PAR,1,5000,train/distance,1.58323335647583
halfcheetah-friction,5.0,BC_PAR,1,6000,train/distance,1.4848854541778564
halfcheetah-friction,5.0,BC_PAR,1,7000,train/distance,1.285994052886963
halfcheetah-friction,5.0,BC_PAR,1,8000,train/distance,0.9216048717498779
halfcheetah-friction,5.0,BC_PAR,1,9000,train/distance,0.5772051811218262
halfcheetah-friction,5.0,BC_PAR,1,10000,train/distance,0.41719985008239746
halfcheetah-friction,5.0,BC_PAR,1,5000,train/encoder_loss,1.5863627195358276
halfcheetah-friction,5.0,BC_PAR,1,6000,train/encoder_loss,1.4528850317001343
halfcheetah-friction,5.0,BC_PAR,1,7000,train/encoder_loss,1.2144180536270142
halfcheetah-friction,5.0,BC_PAR,1,8000,train/encoder_loss,0.8401250243186951
halfcheetah-friction,5.0,BC_PAR,1,9000,train/encoder_loss,0.49696630239486694
halfcheetah-friction,5.0,BC_PAR,1,10000,train/encoder_loss,0.3536224663257599
halfcheetah-friction,5.0,BC_PAR,1,5000,train/logprob,-3.5531904697418213
halfcheetah-friction,5.0,BC_PAR,1,6000,train/logprob,-1.3835285902023315
halfcheetah-friction,5.0,BC_PAR,1,7000,train/logprob,0.28954052925109863
halfcheetah-friction,5.0,BC_PAR,1,8000,train/logprob,0.87747722864151
halfcheetah-friction,5.0,BC_PAR,1,9000,train/logprob,2.2437942028045654
halfcheetah-friction,5.0,BC_PAR,1,10000,train/logprob,3.166640043258667
halfcheetah-friction,5.0,BC_PAR,1,5000,train/q1,1.8474135398864746
halfcheetah-friction,5.0,BC_PAR,1,6000,train/q1,13.034133911132812
halfcheetah-friction,5.0,BC_PAR,1,7000,train/q1,23.545654296875
halfcheetah-friction,5.0,BC_PAR,1,8000,train/q1,33.9649658203125
halfcheetah-friction,5.0,BC_PAR,1,9000,train/q1,43.36942672729492
halfcheetah-friction,5.0,BC_PAR,1,10000,train/q1,52.183231353759766
halfcheetah-friction,5.0,BC_PAR,1,5000,train/src_reward,4.796045780181885
halfcheetah-friction,5.0,BC_PAR,1,6000,train/src_reward,4.646520137786865
halfcheetah-friction,5.0,BC_PAR,1,7000,train/src_reward,4.812312602996826
halfcheetah-friction,5.0,BC_PAR,1,8000,train/src_reward,4.728387832641602
halfcheetah-friction,5.0,BC_PAR,1,9000,train/src_reward,4.71654748916626
halfcheetah-friction,5.0,BC_PAR,1,10000,train/src_reward,4.887239456176758
halfcheetah-friction,5.0,BC_PAR,2,5000,train/distance,1.6176472902297974
halfcheetah-friction,5.0,BC_PAR,2,6000,train/distance,1.523332953453064
halfcheetah-friction,5.0,BC_PAR,2,7000,train/distance,1.340130090713501
halfcheetah-friction,5.0,BC_PAR,2,8000,train/distance,0.9932609796524048
halfcheetah-friction,5.0,BC_PAR,2,9000,train/distance,0.6511951684951782
halfcheetah-friction,5.0,BC_PAR,2,10000,train/distance,0.4883454442024231
halfcheetah-friction,5.0,BC_PAR,2,5000,train/encoder_loss,1.6133735179901123
halfcheetah-friction,5.0,BC_PAR,2,6000,train/encoder_loss,1.4612675905227661
halfcheetah-friction,5.0,BC_PAR,2,7000,train/encoder_loss,1.2658685445785522
halfcheetah-friction,5.0,BC_PAR,2,8000,train/encoder_loss,0.8695688843727112
halfcheetah-friction,5.0,BC_PAR,2,9000,train/encoder_loss,0.49133598804473877
halfcheetah-friction,5.0,BC_PAR,2,10000,train/encoder_loss,0.3412066102027893
halfcheetah-friction,5.0,BC_PAR,2,5000,train/logprob,-3.3709325790405273
halfcheetah-friction,5.0,BC_PAR,2,6000,train/logprob,-1.2141764163970947
halfcheetah-friction,5.0,BC_PAR,2,7000,train/logprob,0.40752092003822327
halfcheetah-friction,5.0,BC_PAR,2,8000,train/logprob,1.5461995601654053
halfcheetah-friction,5.0,BC_PAR,2,9000,train/logprob,2.172341823577881
halfcheetah-friction,5.0,BC_PAR,2,10000,train/logprob,2.4382052421569824
halfcheetah-friction,5.0,BC_PAR,2,5000,train/q1,2.3311409950256348
halfcheetah-friction,5.0,BC_PAR,2,6000,train/q1,13.16213321685791
halfcheetah-friction,5.0,BC_PAR,2,7000,train/q1,22.257734298706055
halfcheetah-friction,5.0,BC_PAR,2,8000,train/q1,32.5978889465332
halfcheetah-friction,5.0,BC_PAR,2,9000,train/q1,42.350772857666016
halfcheetah-friction,5.0,BC_PAR,2,10000,train/q1,50.287593841552734
halfcheetah-friction,5.0,BC_PAR,2,5000,train/src_reward,4.551059722900391
halfcheetah-friction,5.0,BC_PAR,2,6000,train/src_reward,4.730292320251465
halfcheetah-friction,5.0,BC_PAR,2,7000,train/src_reward,4.643869400024414
halfcheetah-friction,5.0,BC_PAR,2,8000,train/src_reward,4.717309474945068
halfcheetah-friction,5.0,BC_PAR,2,9000,train/src_reward,4.699377059936523
halfcheetah-friction,5.0,BC_PAR,2,10000,train/src_reward,4.6839494705200195
halfcheetah-friction,5.0,BC_SAC,0,5000,train/logprob,2.6868035793304443
halfcheetah-friction,5.0,BC_SAC,0,10000,train/logprob,5.131778240203857
halfcheetah-friction,5.0,BC_SAC,0,5000,train/q1,39.734413146972656
halfcheetah-friction,5.0,BC_SAC,0,10000,train/q1,79.45895385742188
halfcheetah-friction,5.0,BC_SAC,1,5000,train/logprob,2.9216480255126953
halfcheetah-friction,5.0,BC_SAC,1,10000,train/logprob,5.657317638397217
halfcheetah-friction,5.0,BC_SAC,1,5000,train/q1,39.01693344116211
halfcheetah-friction,5.0,BC_SAC,1,10000,train/q1,74.81315612792969
halfcheetah-friction,5.0,BC_SAC,2,5000,train/logprob,2.4912352561950684
halfcheetah-friction,5.0,BC_SAC,2,10000,train/logprob,5.86876916885376
halfcheetah-friction,5.0,BC_SAC,2,5000,train/q1,36.586936950683594
halfcheetah-friction,5.0,BC_SAC,2,10000,train/q1,72.76473999023438
halfcheetah-friction,5.0,RLPD,0,5000,train/logprob,0.04552823305130005
halfcheetah-friction,5.0,RLPD,0,10000,train/logprob,-0.1363179087638855
halfcheetah-friction,5.0,RLPD,1,5000,train/logprob,0.8187218904495239
halfcheetah-friction,5.0,RLPD,1,10000,train/logprob,2.51173734664917
halfcheetah-friction,5.0,RLPD,2,5000,train/logprob,0.6841380596160889
halfcheetah-friction,5.0,RLPD,2,10000,train/logprob,-0.45669469237327576
hopper-friction,0.1,BC_PAR,0,5000,train/distance,1.5829474925994873
hopper-friction,0.1,BC_PAR,0,6000,train/distance,1.3735527992248535
hopper-friction,0.1,BC_PAR,0,7000,train/distance,1.175011157989502
hopper-friction,0.1,BC_PAR,0,8000,train/distance,0.9371911883354187
hopper-friction,0.1,BC_PAR,0,9000,train/distance,0.72235107421875
hopper-friction,0.1,BC_PAR,0,10000,train/distance,0.6405492424964905
hopper-friction,0.1,BC_PAR,0,5000,train/encoder_loss,1.5776082277297974
hopper-friction,0.1,BC_PAR,0,6000,train/encoder_loss,1.2586032152175903
hopper-friction,0.1,BC_PAR,0,7000,train/encoder_loss,1.0024439096450806
hopper-friction,0.1,BC_PAR,0,8000,train/encoder_loss,0.7537402510643005
hopper-friction,0.1,BC_PAR,0,9000,train/encoder_loss,0.5860369205474854
hopper-friction,0.1,BC_PAR,0,10000,train/encoder_loss,0.4848497807979584
hopper-friction,0.1,BC_PAR,0,5000,train/logprob,-2.002631187438965
hopper-friction,0.1,BC_PAR,0,6000,train/logprob,-0.3508467972278595
hopper-friction,0.1,BC_PAR,0,7000,train/logprob,0.3511001169681549
hopper-friction,0.1,BC_PAR,0,8000,train/logprob,1.0509648323059082
hopper-friction,0.1,BC_PAR,0,9000,train/logprob,1.6746419668197632
hopper-friction,0.1,BC_PAR,0,10000,train/logprob,2.2805721759796143
hopper-friction,0.1,BC_PAR,0,5000,train/q1,0.9884034395217896
hopper-friction,0.1,BC_PAR,0,6000,train/q1,10.998529434204102
hopper-friction,0.1,BC_PAR,0,7000,train/q1,21.365028381347656
hopper-friction,0.1,BC_PAR,0,8000,train/q1,30.319232940673828
hopper-friction,0.1,BC_PAR,0,9000,train/q1,40.92223358154297
hopper-friction,0.1,BC_PAR,0,10000,train/q1,51.630863189697266
hopper-friction,0.1,BC_PAR,0,5000,train/src_reward,2.9014973640441895
hopper-friction,0.1,BC_PAR,0,6000,train/src_reward,2.9912312030792236
hopper-friction,0.1,BC_PAR,0,7000,train/src_reward,3.06620192527771
hopper-friction,0.1,BC_PAR,0,8000,train/src_reward,2.960937023162842
hopper-friction,0.1,BC_PAR,0,9000,train/src_reward,2.9765865802764893
hopper-friction,0.1,BC_PAR,0,10000,train/src_reward,3.136265754699707
hopper-friction,0.1,BC_PAR,1,5000,train/distance,1.6070808172225952
hopper-friction,0.1,BC_PAR,1,6000,train/distance,1.3876476287841797
hopper-friction,0.1,BC_PAR,1,7000,train/distance,1.187825083732605
hopper-friction,0.1,BC_PAR,1,8000,train/distance,0.9988248348236084
hopper-friction,0.1,BC_PAR,1,9000,train/distance,0.9138449430465698
hopper-friction,0.1,BC_PAR,1,10000,train/distance,0.8324152231216431
hopper-friction,0.1,BC_PAR,1,5000,train/encoder_loss,1.6299889087677002
hopper-friction,0.1,BC_PAR,1,6000,train/encoder_loss,1.2704334259033203
hopper-friction,0.1,BC_PAR,1,7000,train/encoder_loss,1.0307426452636719
hopper-friction,0.1,BC_PAR,1,8000,train/encoder_loss,0.7935774922370911
hopper-friction,0.1,BC_PAR,1,9000,train/encoder_loss,0.697147786617279
hopper-friction,0.1,BC_PAR,1,10000,train/encoder_loss,0.6394392848014832
hopper-friction,0.1,BC_PAR,1,5000,train/logprob,-1.9727511405944824
hopper-friction,0.1,BC_PAR,1,6000,train/logprob,-0.22536730766296387
hopper-friction,0.1,BC_PAR,1,7000,train/logprob,0.4206960201263428
hopper-friction,0.1,BC_PAR,1,8000,train/logprob,1.207620620727539
hopper-friction,0.1,BC_PAR,1,9000,train/logprob,1.6799688339233398
hopper-friction,0.1,BC_PAR,1,10000,train/logprob,1.6931853294372559
hopper-friction,0.1,BC_PAR,1,5000,train/q1,1.2722198963165283
hopper-friction,0.1,BC_PAR,1,6000,train/q1,10.552504539489746
hopper-friction,0.1,BC_PAR,1,7000,train/q1,19.862836837768555
hopper-friction,0.1,BC_PAR,1,8000,train/q1,30.412029266357422
hopper-friction,0.1,BC_PAR,1,9000,train/q1,40.43232345581055
hopper-friction,0.1,BC_PAR,1,10000,train/q1,50.337554931640625
hopper-friction,0.1,BC_PAR,1,5000,train/src_reward,3.0103931427001953
hopper-friction,0.1,BC_PAR,1,6000,train/src_reward,2.9212558269500732
hopper-friction,0.1,BC_PAR,1,7000,train/src_reward,2.962258815765381
hopper-friction,0.1,BC_PAR,1,8000,train/src_reward,3.1561737060546875
hopper-friction,0.1,BC_PAR,1,9000,train/src_reward,3.087834596633911
hopper-friction,0.1,BC_PAR,1,10000,train/src_reward,3.034694194793701
hopper-friction,0.1,BC_PAR,2,5000,train/distance,1.6102144718170166
hopper-friction,0.1,BC_PAR,2,6000,train/distance,1.364812970161438
hopper-friction,0.1,BC_PAR,2,7000,train/distance,1.1238692998886108
hopper-friction,0.1,BC_PAR,2,8000,train/distance,0.9130422472953796
hopper-friction,0.1,BC_PAR,2,9000,train/distance,0.7624485492706299
hopper-friction,0.1,BC_PAR,2,10000,train/distance,0.6823278665542603
hopper-friction,0.1,BC_PAR,2,5000,train/encoder_loss,1.5967648029327393
hopper-friction,0.1,BC_PAR,2,6000,train/encoder_loss,1.2143462896347046
hopper-friction,0.1,BC_PAR,2,7000,train/encoder_loss,0.9065749645233154
hopper-friction,0.1,BC_PAR,2,8000,train/encoder_loss,0.6814970970153809
hopper-friction,0.1,BC_PAR,2,9000,train/encoder_loss,0.5871875882148743
hopper-friction,0.1,BC_PAR,2,10000,train/encoder_loss,0.5553419589996338
hopper-friction,0.1,BC_PAR,2,5000,train/logprob,-1.9266104698181152
hopper-friction,0.1,BC_PAR,2,6000,train/logprob,-0.30888259410858154
hopper-friction,0.1,BC_PAR,2,7000,train/logprob,0.25068458914756775
hopper-friction,0.1,BC_PAR,2,8000,train/logprob,1.3135755062103271
hopper-friction,0.1,BC_PAR,2,9000,train/logprob,1.9095951318740845
hopper-friction,0.1,BC_PAR,2,10000,train/logprob,2.0878231525421143
hopper-friction,0.1,BC_PAR,2,5000,train/q1,0.9951900243759155
hopper-friction,0.1,BC_PAR,2,6000,train/q1,10.589362144470215
hopper-friction,0.1,BC_PAR,2,7000,train/q1,19.431747436523438
hopper-friction,0.1,BC_PAR,2,8000,train/q1,29.514028549194336
hopper-friction,0.1,BC_PAR,2,9000,train/q1,39.396297454833984
hopper-friction,0.1,BC_PAR,2,10000,train/q1,50.23862075805664
hopper-friction,0.1,BC_PAR,2,5000,train/src_reward,2.968987464904785
hopper-friction,0.1,BC_PAR,2,6000,train/src_reward,2.937908887863159
hopper-friction,0.1,BC_PAR,2,7000,train/src_reward,3.004208564758301
hopper-friction,0.1,BC_PAR,2,8000,train/src_reward,3.042659044265747
hopper-friction,0.1,BC_PAR,2,9000,train/src_reward,2.902168035507202
hopper-friction,0.1,BC_PAR,2,10000,train/src_reward,3.0869669914245605
hopper-friction,0.1,BC_SAC,0,5000,train/logprob,2.368119478225708
hopper-friction,0.1,BC_SAC,0,10000,train/logprob,3.309835910797119
hopper-friction,0.1,BC_SAC,0,5000,train/q1,39.50663375854492
hopper-friction,0.1,BC_SAC,0,10000,train/q1,85.68379211425781
hopper-friction,0.1,BC_SAC,1,5000,train/logprob,2.047247886657715
hopper-friction,0.1,BC_SAC,1,10000,train/logprob,3.5124435424804688
hopper-friction,0.1,BC_SAC,1,5000,train/q1,39.20463943481445
hopper-friction,0.1,BC_SAC,1,10000,train/q1,86.31690979003906
hopper-friction,0.1,BC_SAC,2,5000,train/logprob,1.9620835781097412
hopper-friction,0.1,BC_SAC,2,10000,train/logprob,3.3333616256713867
hopper-friction,0.1,BC_SAC,2,5000,train/q1,36.86172103881836
hopper-friction,0.1,BC_SAC,2,10000,train/q1,76.7770004272461
hopper-friction,0.1,RLPD,0,5000,train/logprob,-0.4498945474624634
hopper-friction,0.1,RLPD,0,10000,train/logprob,0.26918232440948486
hopper-friction,0.1,RLPD,1,5000,train/logprob,-0.3641563653945923
hopper-friction,0.1,RLPD,1,10000,train/logprob,0.6449574828147888
hopper-friction,0.1,RLPD,2,5000,train/logprob,-0.3026599884033203
hopper-friction,0.1,RLPD,2,10000,train/logprob,0.4320688843727112
hopper-friction,0.5,BC_PAR,0,5000,train/distance,1.5829474925994873
hopper-friction,0.5,BC_PAR,0,6000,train/distance,1.3735527992248535
hopper-friction,0.5,BC_PAR,0,7000,train/distance,1.175011157989502
hopper-friction,0.5,BC_PAR,0,8000,train/distance,0.9371911883354187
hopper-friction,0.5,BC_PAR,0,9000,train/distance,0.72235107421875
hopper-friction,0.5,BC_PAR,0,10000,train/distance,0.6405492424964905
hopper-friction,0.5,BC_PAR,0,5000,train/encoder_loss,1.5776082277297974
hopper-friction,0.5,BC_PAR,0,6000,train/encoder_loss,1.2586032152175903
hopper-friction,0.5,BC_PAR,0,7000,train/encoder_loss,1.0024439096450806
hopper-friction,0.5,BC_PAR,0,8000,train/encoder_loss,0.7537402510643005
hopper-friction,0.5,BC_PAR,0,9000,train/encoder_loss,0.5860369205474854
hopper-friction,0.5,BC_PAR,0,10000,train/encoder_loss,0.4848497807979584
hopper-friction,0.5,BC_PAR,0,5000,train/logprob,-2.002631187438965
hopper-friction,0.5,BC_PAR,0,6000,train/logprob,-0.3508467972278595
hopper-friction,0.5,BC_PAR,0,7000,train/logprob,0.3511001169681549
hopper-friction,0.5,BC_PAR,0,8000,train/logprob,1.0509648323059082
hopper-friction,0.5,BC_PAR,0,9000,train/logprob,1.6746419668197632
hopper-friction,0.5,BC_PAR,0,10000,train/logprob,2.2805721759796143
hopper-friction,0.5,BC_PAR,0,5000,train/q1,0.9884034395217896
hopper-friction,0.5,BC_PAR,0,6000,train/q1,10.998529434204102
hopper-friction,0.5,BC_PAR,0,7000,train/q1,21.365028381347656
hopper-friction,0.5,BC_PAR,0,8000,train/q1,30.319232940673828
hopper-friction,0.5,BC_PAR,0,9000,train/q1,40.92223358154297
hopper-friction,0.5,BC_PAR,0,10000,train/q1,51.630863189697266
hopper-friction,0.5,BC_PAR,0,5000,train/src_reward,2.9014973640441895
hopper-friction,0.5,BC_PAR,0,6000,train/src_reward,2.9912312030792236
hopper-friction,0.5,BC_PAR,0,7000,train/src_reward,3.06620192527771
hopper-friction,0.5,BC_PAR,0,8000,train/src_reward,2.960937023162842
hopper-friction,0.5,BC_PAR,0,9000,train/src_reward,2.9765865802764893
hopper-friction,0.5,BC_PAR,0,10000,train/src_reward,3.136265754699707
hopper-friction,0.5,BC_PAR,1,5000,train/distance,1.6070808172225952
hopper-friction,0.5,BC_PAR,1,6000,train/distance,1.3876476287841797
hopper-friction,0.5,BC_PAR,1,7000,train/distance,1.187825083732605
hopper-friction,0.5,BC_PAR,1,8000,train/distance,0.9988248348236084
hopper-friction,0.5,BC_PAR,1,9000,train/distance,0.9138449430465698
hopper-friction,0.5,BC_PAR,1,10000,train/distance,0.8324152231216431
hopper-friction,0.5,BC_PAR,1,5000,train/encoder_loss,1.6299889087677002
hopper-friction,0.5,BC_PAR,1,6000,train/encoder_loss,1.2704334259033203
hopper-friction,0.5,BC_PAR,1,7000,train/encoder_loss,1.0307426452636719
hopper-friction,0.5,BC_PAR,1,8000,train/encoder_loss,0.7935774922370911
hopper-friction,0.5,BC_PAR,1,9000,train/encoder_loss,0.697147786617279
hopper-friction,0.5,BC_PAR,1,10000,train/encoder_loss,0.6394392848014832
hopper-friction,0.5,BC_PAR,1,5000,train/logprob,-1.9727511405944824
hopper-friction,0.5,BC_PAR,1,6000,train/logprob,-0.22536730766296387
hopper-friction,0.5,BC_PAR,1,7000,train/logprob,0.4206960201263428
hopper-friction,0.5,BC_PAR,1,8000,train/logprob,1.207620620727539
hopper-friction,0.5,BC_PAR,1,9000,train/logprob,1.6799688339233398
hopper-friction,0.5,BC_PAR,1,10000,train/logprob,1.6931853294372559
hopper-friction,0.5,BC_PAR,1,5000,train/q1,1.2722198963165283
hopper-friction,0.5,BC_PAR,1,6000,train/q1,10.552504539489746
hopper-friction,0.5,BC_PAR,1,7000,train/q1,19.862836837768555
hopper-friction,0.5,BC_PAR,1,8000,train/q1,30.412029266357422
hopper-friction,0.5,BC_PAR,1,9000,train/q1,40.43232345581055
hopper-friction,0.5,BC_PAR,1,10000,train/q1,50.337554931640625
hopper-friction,0.5,BC_PAR,1,5000,train/src_reward,3.0103931427001953
hopper-friction,0.5,BC_PAR,1,6000,train/src_reward,2.9212558269500732
hopper-friction,0.5,BC_PAR,1,7000,train/src_reward,2.962258815765381
hopper-friction,0.5,BC_PAR,1,8000,train/src_reward,3.1561737060546875
hopper-friction,0.5,BC_PAR,1,9000,train/src_reward,3.087834596633911
hopper-friction,0.5,BC_PAR,1,10000,train/src_reward,3.034694194793701
hopper-friction,0.5,BC_PAR,2,5000,train/distance,1.6102144718170166
hopper-friction,0.5,BC_PAR,2,6000,train/distance,1.364812970161438
hopper-friction,0.5,BC_PAR,2,7000,train/distance,1.1238692998886108
hopper-friction,0.5,BC_PAR,2,8000,train/distance,0.9130422472953796
hopper-friction,0.5,BC_PAR,2,9000,train/distance,0.7624485492706299
hopper-friction,0.5,BC_PAR,2,10000,train/distance,0.6823278665542603
hopper-friction,0.5,BC_PAR,2,5000,train/encoder_loss,1.5967648029327393
hopper-friction,0.5,BC_PAR,2,6000,train/encoder_loss,1.2143462896347046
hopper-friction,0.5,BC_PAR,2,7000,train/encoder_loss,0.9065749645233154
hopper-friction,0.5,BC_PAR,2,8000,train/encoder_loss,0.6814970970153809
hopper-friction,0.5,BC_PAR,2,9000,train/encoder_loss,0.5871875882148743
hopper-friction,0.5,BC_PAR,2,10000,train/encoder_loss,0.5553419589996338
hopper-friction,0.5,BC_PAR,2,5000,train/logprob,-1.9266104698181152
hopper-friction,0.5,BC_PAR,2,6000,train/logprob,-0.30888259410858154
hopper-friction,0.5,BC_PAR,2,7000,train/logprob,0.25068458914756775
hopper-friction,0.5,BC_PAR,2,8000,train/logprob,1.3135755062103271
hopper-friction,0.5,BC_PAR,2,9000,train/logprob,1.9095951318740845
hopper-friction,0.5,BC_PAR,2,10000,train/logprob,2.0878231525421143
hopper-friction,0.5,BC_PAR,2,5000,train/q1,0.9951900243759155
hopper-friction,0.5,BC_PAR,2,6000,train/q1,10.589362144470215
hopper-friction,0.5,BC_PAR,2,7000,train/q1,19.431747436523438
hopper-friction,0.5,BC_PAR,2,8000,train/q1,29.514028549194336
hopper-friction,0.5,BC_PAR,2,9000,train/q1,39.396297454833984
hopper-friction,0.5,BC_PAR,2,10000,train/q1,50.23862075805664
hopper-friction,0.5,BC_PAR,2,5000,train/src_reward,2.968987464904785
hopper-friction,0.5,BC_PAR,2,6000,train/src_reward,2.937908887863159
hopper-friction,0.5,BC_PAR,2,7000,train/src_reward,3.004208564758301
hopper-friction,0.5,BC_PAR,2,8000,train/src_reward,3.042659044265747
hopper-friction,0.5,BC_PAR,2,9000,train/src_reward,2.902168035507202
hopper-friction,0.5,BC_PAR,2,10000,train/src_reward,3.0869669914245605
hopper-friction,0.5,BC_SAC,0,5000,train/logprob,2.368119478225708
hopper-friction,0.5,BC_SAC,0,10000,train/logprob,3.309835910797119
hopper-friction,0.5,BC_SAC,0,5000,train/q1,39.50663375854492
hopper-friction,0.5,BC_SAC,0,10000,train/q1,85.68379211425781
hopper-friction,0.5,BC_SAC,1,5000,train/logprob,2.047247886657715
hopper-friction,0.5,BC_SAC,1,10000,train/logprob,3.5124435424804688
hopper-friction,0.5,BC_SAC,1,5000,train/q1,39.20463943481445
hopper-friction,0.5,BC_SAC,1,10000,train/q1,86.31690979003906
hopper-friction,0.5,BC_SAC,2,5000,train/logprob,1.9620835781097412
hopper-friction,0.5,BC_SAC,2,10000,train/logprob,3.3333616256713867
hopper-friction,0.5,BC_SAC,2,5000,train/q1,36.86172103881836
hopper-friction,0.5,BC_SAC,2,10000,train/q1,76.7770004272461
hopper-friction,0.5,RLPD,0,5000,train/logprob,-0.4498945474624634
hopper-friction,0.5,RLPD,0,10000,train/logprob,0.26918232440948486
hopper-friction,0.5,RLPD,1,5000,train/logprob,-0.3641563653945923
hopper-friction,0.5,RLPD,1,10000,train/logprob,0.6449574828147888
hopper-friction,0.5,RLPD,2,5000,train/logprob,-0.3026599884033203
hopper-friction,0.5,RLPD,2,10000,train/logprob,0.4320688843727112
hopper-friction,2.0,BC_PAR,0,5000,train/distance,1.5829474925994873
hopper-friction,2.0,BC_PAR,0,6000,train/distance,1.3566737174987793
hopper-friction,2.0,BC_PAR,0,7000,train/distance,1.1524980068206787
hopper-friction,2.0,BC_PAR,0,8000,train/distance,0.8968749642372131
hopper-friction,2.0,BC_PAR,0,9000,train/distance,0.6481195092201233
hopper-friction,2.0,BC_PAR,0,10000,train/distance,0.5302693247795105
hopper-friction,2.0,BC_PAR,0,5000,train/encoder_loss,1.584580421447754
hopper-friction,2.0,BC_PAR,0,6000,train/encoder_loss,1.2695211172103882
hopper-friction,2.0,BC_PAR,0,7000,train/encoder_loss,1.0343297719955444
hopper-friction,2.0,BC_PAR,0,8000,train/encoder_loss,0.7945191860198975
hopper-friction,2.0,BC_PAR,0,9000,train/encoder_loss,0.5648836493492126
hopper-friction,2.0,BC_PAR,0,10000,train/encoder_loss,0.42777714133262634
hopper-friction,2.0,BC_PAR,0,5000,train/logprob,-1.96372652053833
hopper-friction,2.0,BC_PAR,0,6000,train/logprob,-0.4483848810195923
hopper-friction,2.0,BC_PAR,0,7000,train/logprob,0.410834401845932
hopper-friction,2.0,BC_PAR,0,8000,train/logprob,1.0461061000823975
hopper-friction,2.0,BC_PAR,0,9000,train/logprob,1.4582980871200562
hopper-friction,2.0,BC_PAR,0,10000,train/logprob,1.7265942096710205
hopper-friction,2.0,BC_PAR,0,5000,train/q1,0.987338125705719
hopper-friction,2.0,BC_PAR,0,6000,train/q1,11.111310958862305
hopper-friction,2.0,BC_PAR,0,7000,train/q1,21.253469467163086
hopper-friction,2.0,BC_PAR,0,8000,train/q1,30.95760726928711
hopper-friction,2.0,BC_PAR,0,9000,train/q1,40.410911560058594
hopper-friction,2.0,BC_PAR,0,10000,train/q1,50.57279968261719
hopper-friction,2.0,BC_PAR,0,5000,train/src_reward,2.9014973640441895
hopper-friction,2.0,BC_PAR,0,6000,train/src_reward,2.9929192066192627
hopper-friction,2.0,BC_PAR,0,7000,train/src_reward,3.068453311920166
hopper-friction,2.0,BC_PAR,0,8000,train/src_reward,2.964968681335449
hopper-friction,2.0,BC_PAR,0,9000,train/src_reward,2.9840095043182373
hopper-friction,2.0,BC_PAR,0,10000,train/src_reward,3.1472935676574707
hopper-friction,2.0,BC_PAR,1,5000,train/distance,1.6070808172225952
hopper-friction,2.0,BC_PAR,1,6000,train/distance,1.3805869817733765
hopper-friction,2.0,BC_PAR,1,7000,train/distance,1.176350712776184
hopper-friction,2.0,BC_PAR,1,8000,train/distance,0.987715482711792
hopper-friction,2.0,BC_PAR,1,9000,train/distance,0.8557502627372742
hopper-friction,2.0,BC_PAR,1,10000,train/distance,0.7137725949287415
hopper-friction,2.0,BC_PAR,1,5000,train/encoder_loss,1.643107533454895
hopper-friction,2.0,BC_PAR,1,6000,train/encoder_loss,1.2993943691253662
hopper-friction,2.0,BC_PAR,1,7000,train/encoder_loss,1.03555428981781
hopper-friction,2.0,BC_PAR,1,8000,train/encoder_loss,0.7791365385055542
hopper-friction,2.0,BC_PAR,1,9000,train/encoder_loss,0.6695669889450073
hopper-friction,2.0,BC_PAR,1,10000,train/encoder_loss,0.6512368321418762
hopper-friction,2.0,BC_PAR,1,5000,train/logprob,-2.0171873569488525
hopper-friction,2.0,BC_PAR,1,6000,train/logprob,-0.3882821798324585
hopper-friction,2.0,BC_PAR,1,7000,train/logprob,0.23442032933235168
hopper-friction,2.0,BC_PAR,1,8000,train/logprob,0.7945154309272766
hopper-friction,2.0,BC_PAR,1,9000,train/logprob,1.0303707122802734
hopper-friction,2.0,BC_PAR,1,10000,train/logprob,1.4013370275497437
hopper-friction,2.0,BC_PAR,1,5000,train/q1,1.2899730205535889
hopper-friction,2.0,BC_PAR,1,6000,train/q1,10.27105712890625
hopper-friction,2.0,BC_PAR,1,7000,train/q1,19.484617233276367
hopper-friction,2.0,BC_PAR,1,8000,train/q1,29.50461196899414
hopper-friction,2.0,BC_PAR,1,9000,train/q1,39.160770416259766
hopper-friction,2.0,BC_PAR,1,10000,train/q1,46.380165100097656
hopper-friction,2.0,BC_PAR,1,5000,train/src_reward,3.0103931427001953
hopper-friction,2.0,BC_PAR,1,6000,train/src_reward,2.921962261199951
hopper-friction,2.0,BC_PAR,1,7000,train/src_reward,2.9634063243865967
hopper-friction,2.0,BC_PAR,1,8000,train/src_reward,3.1572842597961426
hopper-friction,2.0,BC_PAR,1,9000,train/src_reward,3.0936439037323
hopper-friction,2.0,BC_PAR,1,10000,train/src_reward,3.0465588569641113
hopper-friction,2.0,BC_PAR,2,5000,train/distance,1.6102144718170166
hopper-friction,2.0,BC_PAR,2,6000,train/distance,1.3607553243637085
hopper-friction,2.0,BC_PAR,2,7000,train/distance,1.1165289878845215
hopper-friction,2.0,BC_PAR,2,8000,train/distance,0.9055495858192444
hopper-friction,2.0,BC_PAR,2,9000,train/distance,0.7327178716659546
hopper-friction,2.0,BC_PAR,2,10000,train/distance,0.6171053647994995
hopper-friction,2.0,BC_PAR,2,5000,train/encoder_loss,1.5958433151245117
hopper-friction,2.0,BC_PAR,2,6000,train/encoder_loss,1.1967730522155762
hopper-friction,2.0,BC_PAR,2,7000,train/encoder_loss,0.906686544418335
hopper-friction,2.0,BC_PAR,2,8000,train/encoder_loss,0.6825284361839294
hopper-friction,2.0,BC_PAR,2,9000,train/encoder_loss,0.5541927218437195
hopper-friction,2.0,BC_PAR,2,10000,train/encoder_loss,0.4197993576526642
hopper-friction,2.0,BC_PAR,2,5000,train/logprob,-1.9291186332702637
hopper-friction,2.0,BC_PAR,2,6000,train/logprob,-0.2324971854686737
hopper-friction,2.0,BC_PAR,2,7000,train/logprob,0.42783689498901367
hopper-friction,2.0,BC_PAR,2,8000,train/logprob,0.7812135815620422
hopper-friction,2.0,BC_PAR,2,9000,train/logprob,0.9279391765594482
hopper-friction,2.0,BC_PAR,2,10000,train/logprob,1.2717784643173218
hopper-friction,2.0,BC_PAR,2,5000,train/q1,0.9904786348342896
hopper-friction,2.0,BC_PAR,2,6000,train/q1,10.658414840698242
hopper-friction,2.0,BC_PAR,2,7000,train/q1,19.728397369384766
hopper-friction,2.0,BC_PAR,2,8000,train/q1,29.736724853515625
hopper-friction,2.0,BC_PAR,2,9000,train/q1,37.64833068847656
hopper-friction,2.0,BC_PAR,2,10000,train/q1,48.53474044799805
hopper-friction,2.0,BC_PAR,2,5000,train/src_reward,2.968987464904785
hopper-friction,2.0,BC_PAR,2,6000,train/src_reward,2.938314914703369
hopper-friction,2.0,BC_PAR,2,7000,train/src_reward,3.0049431324005127
hopper-friction,2.0,BC_PAR,2,8000,train/src_reward,3.043408155441284
hopper-friction,2.0,BC_PAR,2,9000,train/src_reward,2.9051411151885986
hopper-friction,2.0,BC_PAR,2,10000,train/src_reward,3.093489408493042
hopper-friction,2.0,BC_SAC,0,5000,train/logprob,1.693238615989685
hopper-friction,2.0,BC_SAC,0,10000,train/logprob,2.7503905296325684
hopper-friction,2.0,BC_SAC,0,5000,train/q1,35.1515998840332
hopper-friction,2.0,BC_SAC,0,10000,train/q1,75.34654235839844
hopper-friction,2.0,BC_SAC,1,5000,train/logprob,1.5578184127807617
hopper-friction,2.0,BC_SAC,1,10000,train/logprob,2.5371909141540527
hopper-friction,2.0,BC_SAC,1,5000,train/q1,38.2949333190918
hopper-friction,2.0,BC_SAC,1,10000,train/q1,84.9916763305664
hopper-friction,2.0,BC_SAC,2,5000,train/logprob,1.8206875324249268
hopper-friction,2.0,BC_SAC,2,10000,train/logprob,2.8184685707092285
hopper-friction,2.0,BC_SAC,2,5000,train/q1,36.4802360534668
hopper-friction,2.0,BC_SAC,2,10000,train/q1,77.20932006835938
hopper-friction,2.0,RLPD,0,5000,train/logprob,-0.4718902111053467
hopper-friction,2.0,RLPD,0,10000,train/logprob,0.33912336826324463
hopper-friction,2.0,RLPD,1,5000,train/logprob,-0.38151535391807556
hopper-friction,2.0,RLPD,1,10000,train/logprob,0.4781545400619507
hopper-friction,2.0,RLPD,2,5000,train/logprob,-0.4300946295261383
hopper-friction,2.0,RLPD,2,10000,train/logprob,0.40298551321029663
hopper-friction,5.0,BC_PAR,0,5000,train/distance,1.5829474925994873
hopper-friction,5.0,BC_PAR,0,6000,train/distance,1.3358663320541382
hopper-friction,5.0,BC_PAR,0,7000,train/distance,1.1307618618011475
hopper-friction,5.0,BC_PAR,0,8000,train/distance,0.905773937702179
hopper-friction,5.0,BC_PAR,0,9000,train/distance,0.7007772326469421
hopper-friction,5.0,BC_PAR,0,10000,train/distance,0.5713381171226501
hopper-friction,5.0,BC_PAR,0,5000,train/encoder_loss,1.5905011892318726
hopper-friction,5.0,BC_PAR,0,6000,train/encoder_loss,1.2589689493179321
hopper-friction,5.0,BC_PAR,0,7000,train/encoder_loss,1.0585691928863525
hopper-friction,5.0,BC_PAR,0,8000,train/encoder_loss,0.838780403137207
hopper-friction,5.0,BC_PAR,0,9000,train/encoder_loss,0.6214619874954224
hopper-friction,5.0,BC_PAR,0,10000,train/encoder_loss,0.5090786218643188
hopper-friction,5.0,BC_PAR,0,5000,train/logprob,-1.9782915115356445
hopper-friction,5.0,BC_PAR,0,6000,train/logprob,-0.37559616565704346
hopper-friction,5.0,BC_PAR,0,7000,train/logprob,0.08618467301130295
hopper-friction,5.0,BC_PAR,0,8000,train/logprob,0.6638439297676086
hopper-friction,5.0,BC_PAR,0,9000,train/logprob,1.0143299102783203
hopper-friction,5.0,BC_PAR,0,10000,train/logprob,1.2827048301696777
hopper-friction,5.0,BC_PAR,0,5000,train/q1,1.0039678812026978
hopper-friction,5.0,BC_PAR,0,6000,train/q1,11.182753562927246
hopper-friction,5.0,BC_PAR,0,7000,train/q1,20.845834732055664
hopper-friction,5.0,BC_PAR,0,8000,train/q1,30.075746536254883
hopper-friction,5.0,BC_PAR,0,9000,train/q1,37.973976135253906
hopper-friction,5.0,BC_PAR,0,10000,train/q1,48.34284210205078
hopper-friction,5.0,BC_PAR,0,5000,train/src_reward,2.9014973640441895
hopper-friction,5.0,BC_PAR,0,6000,train/src_reward,2.995000123977661
hopper-friction,5.0,BC_PAR,0,7000,train/src_reward,3.070626735687256
hopper-friction,5.0,BC_PAR,0,8000,train/src_reward,2.964078903198242
hopper-friction,5.0,BC_PAR,0,9000,train/src_reward,2.9787440299987793
hopper-friction,5.0,BC_PAR,0,10000,train/src_reward,3.1431868076324463
hopper-friction,5.0,BC_PAR,1,5000,train/distance,1.6070808172225952
hopper-friction,5.0,BC_PAR,1,6000,train/distance,1.390491008758545
hopper-friction,5.0,BC_PAR,1,7000,train/distance,1.1885602474212646
hopper-friction,5.0,BC_PAR,1,8000,train/distance,0.9979276657104492
hopper-friction,5.0,BC_PAR,1,9000,train/distance,0.9028623700141907
hopper-friction,5.0,BC_PAR,1,10000,train/distance,0.7518326640129089
hopper-friction,5.0,BC_PAR,1,5000,train/encoder_loss,1.6370543241500854
hopper-friction,5.0,BC_PAR,1,6000,train/encoder_loss,1.288975477218628
hopper-friction,5.0,BC_PAR,1,7000,train/encoder_loss,1.0417057275772095
hopper-friction,5.0,BC_PAR,1,8000,train/encoder_loss,0.7961682081222534
hopper-friction,5.0,BC_PAR,1,9000,train/encoder_loss,0.6285244822502136
hopper-friction,5.0,BC_PAR,1,10000,train/encoder_loss,0.5518268942832947
hopper-friction,5.0,BC_PAR,1,5000,train/logprob,-1.9216941595077515
hopper-friction,5.0,BC_PAR,1,6000,train/logprob,-0.4304701089859009
hopper-friction,5.0,BC_PAR,1,7000,train/logprob,0.4758750796318054
hopper-friction,5.0,BC_PAR,1,8000,train/logprob,1.2242329120635986
hopper-friction,5.0,BC_PAR,1,9000,train/logprob,1.220159649848938
hopper-friction,5.0,BC_PAR,1,10000,train/logprob,1.6217595338821411
hopper-friction,5.0,BC_PAR,1,5000,train/q1,1.2976397275924683
hopper-friction,5.0,BC_PAR,1,6000,train/q1,10.440423011779785
hopper-friction,5.0,BC_PAR,1,7000,train/q1,19.326807022094727
hopper-friction,5.0,BC_PAR,1,8000,train/q1,29.017166137695312
hopper-friction,5.0,BC_PAR,1,9000,train/q1,38.313072204589844
hopper-friction,5.0,BC_PAR,1,10000,train/q1,46.192501068115234
hopper-friction,5.0,BC_PAR,1,5000,train/src_reward,3.0103931427001953
hopper-friction,5.0,BC_PAR,1,6000,train/src_reward,2.9209718704223633
hopper-friction,5.0,BC_PAR,1,7000,train/src_reward,2.9621856212615967
hopper-friction,5.0,BC_PAR,1,8000,train/src_reward,3.1562628746032715
hopper-friction,5.0,BC_PAR,1,9000,train/src_reward,3.088932752609253
hopper-friction,5.0,BC_PAR,1,10000,train/src_reward,3.042752981185913
hopper-friction,5.0,BC_PAR,2,5000,train/distance,1.6102144718170166
hopper-friction,5.0,BC_PAR,2,6000,train/distance,1.3536643981933594
hopper-friction,5.0,BC_PAR,2,7000,train/distance,1.1219011545181274
hopper-friction,5.0,BC_PAR,2,8000,train/distance,0.908276379108429
hopper-friction,5.0,BC_PAR,2,9000,train/distance,0.7207112908363342
hopper-friction,5.0,BC_PAR,2,10000,train/distance,0.5781826376914978
hopper-friction,5.0,BC_PAR,2,5000,train/encoder_loss,1.597872018814087
hopper-friction,5.0,BC_PAR,2,6000,train/encoder_loss,1.2048720121383667
hopper-friction,5.0,BC_PAR,2,7000,train/encoder_loss,0.9202844500541687
hopper-friction,5.0,BC_PAR,2,8000,train/encoder_loss,0.7098487019538879
hopper-friction,5.0,BC_PAR,2,9000,train/encoder_loss,0.5407204627990723
hopper-friction,5.0,BC_PAR,2,10000,train/encoder_loss,0.4209297001361847
hopper-friction,5.0,BC_PAR,2,5000,train/logprob,-1.9312424659729004
hopper-friction,5.0,BC_PAR,2,6000,train/logprob,-0.34454095363616943
hopper-friction,5.0,BC_PAR,2,7000,train/logprob,0.5015426874160767
hopper-friction,5.0,BC_PAR,2,8000,train/logprob,0.8587069511413574
hopper-friction,5.0,BC_PAR,2,9000,train/logprob,1.1012545824050903
hopper-friction,5.0,BC_PAR,2,10000,train/logprob,1.2165724039077759
hopper-friction,5.0,BC_PAR,2,5000,train/q1,0.9979187846183777
hopper-friction,5.0,BC_PAR,2,6000,train/q1,10.642210960388184
hopper-friction,5.0,BC_PAR,2,7000,train/q1,19.243276596069336
hopper-friction,5.0,BC_PAR,2,8000,train/q1,29.205739974975586
hopper-friction,5.0,BC_PAR,2,9000,train/q1,35.740234375
hopper-friction,5.0,BC_PAR,2,10000,train/q1,44.08020782470703
hopper-friction,5.0,BC_PAR,2,5000,train/src_reward,2.968987464904785
hopper-friction,5.0,BC_PAR,2,6000,train/src_reward,2.939023971557617
hopper-friction,5.0,BC_PAR,2,7000,train/src_reward,3.0044054985046387
hopper-friction,5.0,BC_PAR,2,8000,train/src_reward,3.043135643005371
hopper-friction,5.0,BC_PAR,2,9000,train/src_reward,2.906341791152954
hopper-friction,5.0,BC_PAR,2,10000,train/src_reward,3.097381830215454
hopper-friction,5.0,BC_SAC,0,5000,train/logprob,1.640467882156372
hopper-friction,5.0,BC_SAC,0,10000,train/logprob,2.2903668880462646
hopper-friction,5.0,BC_SAC,0,5000,train/q1,34.80026626586914
hopper-friction,5.0,BC_SAC,0,10000,train/q1,72.67408752441406
hopper-friction,5.0,BC_SAC,1,5000,train/logprob,1.1032640933990479
hopper-friction,5.0,BC_SAC,1,10000,train/logprob,2.272815227508545
hopper-friction,5.0,BC_SAC,1,5000,train/q1,33.8154182434082
hopper-friction,5.0,BC_SAC,1,10000,train/q1,69.82844543457031
hopper-friction,5.0,BC_SAC,2,5000,train/logprob,1.7144235372543335
hopper-friction,5.0,BC_SAC,2,10000,train/logprob,2.330122947692871
hopper-friction,5.0,BC_SAC,2,5000,train/q1,32.37419128417969
hopper-friction,5.0,BC_SAC,2,10000,train/q1,65.63101959228516
hopper-friction,5.0,RLPD,0,5000,train/logprob,-0.7112134099006653
hopper-friction,5.0,RLPD,0,10000,train/logprob,0.26881831884384155
hopper-friction,5.0,RLPD,1,5000,train/logprob,-0.5542548298835754
hopper-friction,5.0,RLPD,1,10000,train/logprob,0.018543720245361328
hopper-friction,5.0,RLPD,2,5000,train/logprob,-0.6702243089675903
hopper-friction,5.0,RLPD,2,10000,train/logprob,0.3214755654335022
walker2d-friction,0.1,BC_PAR,0,5000,train/distance,1.5864028930664062
walker2d-friction,0.1,BC_PAR,0,6000,train/distance,1.4421608448028564
walker2d-friction,0.1,BC_PAR,0,7000,train/distance,1.3396307229995728
walker2d-friction,0.1,BC_PAR,0,8000,train/distance,1.0551162958145142
walker2d-friction,0.1,BC_PAR,0,9000,train/distance,0.9607521295547485
walker2d-friction,0.1,BC_PAR,0,10000,train/distance,0.8806441426277161
walker2d-friction,0.1,BC_PAR,0,5000,train/encoder_loss,1.5877559185028076
walker2d-friction,0.1,BC_PAR,0,6000,train/encoder_loss,1.2949596643447876
walker2d-friction,0.1,BC_PAR,0,7000,train/encoder_loss,0.956163763999939
walker2d-friction,0.1,BC_PAR,0,8000,train/encoder_loss,0.7028945684432983
walker2d-friction,0.1,BC_PAR,0,9000,train/encoder_loss,0.5827404260635376
walker2d-friction,0.1,BC_PAR,0,10000,train/encoder_loss,0.46031686663627625
walker2d-friction,0.1,BC_PAR,0,5000,train/logprob,-3.7492475509643555
walker2d-friction,0.1,BC_PAR,0,6000,train/logprob,-0.42402300238609314
walker2d-friction,0.1,BC_PAR,0,7000,train/logprob,0.22152504324913025
walker2d-friction,0.1,BC_PAR,0,8000,train/logprob,1.1737712621688843
walker2d-friction,0.1,BC_PAR,0,9000,train/logprob,1.4815232753753662
walker2d-friction,0.1,BC_PAR,0,10000,train/logprob,1.8314169645309448
walker2d-friction,0.1,BC_PAR,0,5000,train/q1,1.3635735511779785
walker2d-friction,0.1,BC_PAR,0,6000,train/q1,10.855147361755371
walker2d-friction,0.1,BC_PAR,0,7000,train/q1,19.337993621826172
walker2d-friction,0.1,BC_PAR,0,8000,train/q1,29.109285354614258
walker2d-friction,0.1,BC_PAR,0,9000,train/q1,37.7869873046875
walker2d-friction,0.1,BC_PAR,0,10000,train/q1,45.6318359375
walker2d-friction,0.1,BC_PAR,0,5000,train/src_reward,3.255288600921631
walker2d-friction,0.1,BC_PAR,0,6000,train/src_reward,3.362532138824463
walker2d-friction,0.1,BC_PAR,0,7000,train/src_reward,3.169060707092285
walker2d-friction,0.1,BC_PAR,0,8000,train/src_reward,3.3634228706359863
walker2d-friction,0.1,BC_PAR,0,9000,train/src_reward,3.5323357582092285
walker2d-friction,0.1,BC_PAR,0,10000,train/src_reward,3.5727174282073975
walker2d-friction,0.1,BC_PAR,1,5000,train/distance,1.5581693649291992
walker2d-friction,0.1,BC_PAR,1,6000,train/distance,1.469897985458374
walker2d-friction,0.1,BC_PAR,1,7000,train/distance,1.3419610261917114
walker2d-friction,0.1,BC_PAR,1,8000,train/distance,1.1004383563995361
walker2d-friction,0.1,BC_PAR,1,9000,train/distance,0.984872043132782
walker2d-friction,0.1,BC_PAR,1,10000,train/distance,0.837160587310791
walker2d-friction,0.1,BC_PAR,1,5000,train/encoder_loss,1.60591459274292
walker2d-friction,0.1,BC_PAR,1,6000,train/encoder_loss,1.359109878540039
walker2d-friction,0.1,BC_PAR,1,7000,train/encoder_loss,1.192203402519226
walker2d-friction,0.1,BC_PAR,1,8000,train/encoder_loss,0.9513630867004395
walker2d-friction,0.1,BC_PAR,1,9000,train/encoder_loss,0.7157599329948425
walker2d-friction,0.1,BC_PAR,1,10000,train/encoder_loss,0.6940149068832397
walker2d-friction,0.1,BC_PAR,1,5000,train/logprob,-3.815175771713257
walker2d-friction,0.1,BC_PAR,1,6000,train/logprob,-0.46658262610435486
walker2d-friction,0.1,BC_PAR,1,7000,train/logprob,0.18311944603919983
walker2d-friction,0.1,BC_PAR,1,8000,train/logprob,1.1635699272155762
walker2d-friction,0.1,BC_PAR,1,9000,train/logprob,1.2232450246810913
walker2d-friction,0.1,BC_PAR,1,10000,train/logprob,1.7843396663665771
walker2d-friction,0.1,BC_PAR,1,5000,train/q1,1.1936851739883423
walker2d-friction,0.1,BC_PAR,1,6000,train/q1,10.09607219696045
walker2d-friction,0.1,BC_PAR,1,7000,train/q1,20.72562026977539
walker2d-friction,0.1,BC_PAR,1,8000,train/q1,29.276613235473633
walker2d-friction,0.1,BC_PAR,1,9000,train/q1,40.48289489746094
walker2d-friction,0.1,BC_PAR,1,10000,train/q1,48.61666488647461
walker2d-friction,0.1,BC_PAR,1,5000,train/src_reward,3.249420166015625
walker2d-friction,0.1,BC_PAR,1,6000,train/src_reward,2.9439215660095215
walker2d-friction,0.1,BC_PAR,1,7000,train/src_reward,3.2082366943359375
walker2d-friction,0.1,BC_PAR,1,8000,train/src_reward,3.1161856651306152
walker2d-friction,0.1,BC_PAR,1,9000,train/src_reward,3.232956647872925
walker2d-friction,0.1,BC_PAR,1,10000,train/src_reward,3.2239809036254883
walker2d-friction,0.1,BC_PAR,2,5000,train/distance,1.5852906703948975
walker2d-friction,0.1,BC_PAR,2,6000,train/distance,1.4373935461044312
walker2d-friction,0.1,BC_PAR,2,7000,train/distance,1.3122072219848633
walker2d-friction,0.1,BC_PAR,2,8000,train/distance,1.099501132965088
walker2d-friction,0.1,BC_PAR,2,9000,train/distance,0.9418683648109436
walker2d-friction,0.1,BC_PAR,2,10000,train/distance,0.889331579208374
walker2d-friction,0.1,BC_PAR,2,5000,train/encoder_loss,1.6251291036605835
walker2d-friction,0.1,BC_PAR,2,6000,train/encoder_loss,1.3129665851593018
walker2d-friction,0.1,BC_PAR,2,7000,train/encoder_loss,1.0725939273834229
walker2d-friction,0.1,BC_PAR,2,8000,train/encoder_loss,0.8811776638031006
walker2d-friction,0.1,BC_PAR,2,9000,train/encoder_loss,0.7279700040817261
walker2d-friction,0.1,BC_PAR,2,10000,train/encoder_loss,0.7111596465110779
walker2d-friction,0.1,BC_PAR,2,5000,train/logprob,-3.7024104595184326
walker2d-friction,0.1,BC_PAR,2,6000,train/logprob,-0.3888721466064453
walker2d-friction,0.1,BC_PAR,2,7000,train/logprob,0.5171788930892944
walker2d-friction,0.1,BC_PAR,2,8000,train/logprob,1.0867221355438232
walker2d-friction,0.1,BC_PAR,2,9000,train/logprob,1.6346303224563599
walker2d-friction,0.1,BC_PAR,2,10000,train/logprob,1.836362361907959
walker2d-friction,0.1,BC_PAR,2,5000,train/q1,1.1642098426818848
walker2d-friction,0.1,BC_PAR,2,6000,train/q1,10.9335355758667
walker2d-friction,0.1,BC_PAR,2,7000,train/q1,20.786394119262695
walker2d-friction,0.1,BC_PAR,2,8000,train/q1,29.524320602416992
walker2d-friction,0.1,BC_PAR,2,9000,train/q1,39.081268310546875
walker2d-friction,0.1,BC_PAR,2,10000,train/q1,45.44303894042969
walker2d-friction,0.1,BC_PAR,2,5000,train/src_reward,3.1762964725494385
walker2d-friction,0.1,BC_PAR,2,6000,train/src_reward,3.2567574977874756
walker2d-friction,0.1,BC_PAR,2,7000,train/src_reward,3.3703362941741943
walker2d-friction,0.1,BC_PAR,2,8000,train/src_reward,3.2015018463134766
walker2d-friction,0.1,BC_PAR,2,9000,train/src_reward,3.2644636631011963
walker2d-friction,0.1,BC_PAR,2,10000,train/src_reward,3.20649790763855
walker2d-friction,0.1,BC_SAC,0,5000,train/logprob,1.9261603355407715
walker2d-friction,0.1,BC_SAC,0,10000,train/logprob,3.6112821102142334
walker2d-friction,0.1,BC_SAC,0,5000,train/q1,35.50568389892578
walker2d-friction,0.1,BC_SAC,0,10000,train/q1,68.21753692626953
walker2d-friction,0.1,BC_SAC,1,5000,train/logprob,1.660860538482666
walker2d-friction,0.1,BC_SAC,1,10000,train/logprob,3.7512998580932617
walker2d-friction,0.1,BC_SAC,1,5000,train/q1,35.981773376464844
walker2d-friction,0.1,BC_SAC,1,10000,train/q1,69.25931549072266
walker2d-friction,0.1,BC_SAC,2,5000,train/logprob,1.8355246782302856
walker2d-friction,0.1,BC_SAC,2,10000,train/logprob,3.323598861694336
walker2d-friction,0.1,BC_SAC,2,5000,train/q1,34.178157806396484
walker2d-friction,0.1,BC_SAC,2,10000,train/q1,63.280521392822266
walker2d-friction,0.1,RLPD,0,5000,train/logprob,-0.8349525332450867
walker2d-friction,0.1,RLPD,0,10000,train/logprob,-0.23575866222381592
walker2d-friction,0.1,RLPD,1,5000,train/logprob,-0.7854654788970947
walker2d-friction,0.1,RLPD,1,10000,train/logprob,0.16465860605239868
walker2d-friction,0.1,RLPD,2,5000,train/logprob,-0.6275951862335205
walker2d-friction,0.1,RLPD,2,10000,train/logprob,0.29376494884490967
walker2d-friction,0.5,BC_PAR,0,5000,train/distance,1.5864028930664062
walker2d-friction,0.5,BC_PAR,0,6000,train/distance,1.455580711364746
walker2d-friction,0.5,BC_PAR,0,7000,train/distance,1.3436379432678223
walker2d-friction,0.5,BC_PAR,0,8000,train/distance,1.0438348054885864
walker2d-friction,0.5,BC_PAR,0,9000,train/distance,0.9388259053230286
walker2d-friction,0.5,BC_PAR,0,10000,train/distance,0.8378415107727051
walker2d-friction,0.5,BC_PAR,0,5000,train/encoder_loss,1.59816312789917
walker2d-friction,0.5,BC_PAR,0,6000,train/encoder_loss,1.3033032417297363
walker2d-friction,0.5,BC_PAR,0,7000,train/encoder_loss,1.008851170539856
walker2d-friction,0.5,BC_PAR,0,8000,train/encoder_loss,0.7556638717651367
walker2d-friction,0.5,BC_PAR,0,9000,train/encoder_loss,0.6407456398010254
walker2d-friction,0.5,BC_PAR,0,10000,train/encoder_loss,0.5132603049278259
walker2d-friction,0.5,BC_PAR,0,5000,train/logprob,-3.8232195377349854
walker2d-friction,0.5,BC_PAR,0,6000,train/logprob,-0.37970149517059326
walker2d-friction,0.5,BC_PAR,0,7000,train/logprob,0.37802499532699585
walker2d-friction,0.5,BC_PAR,0,8000,train/logprob,1.3033775091171265
walker2d-friction,0.5,BC_PAR,0,9000,train/logprob,1.3310264348983765
walker2d-friction,0.5,BC_PAR,0,10000,train/logprob,2.3405709266662598
walker2d-friction,0.5,BC_PAR,0,5000,train/q1,1.416712999343872
walker2d-friction,0.5,BC_PAR,0,6000,train/q1,10.830621719360352
walker2d-friction,0.5,BC_PAR,0,7000,train/q1,20.303813934326172
walker2d-friction,0.5,BC_PAR,0,8000,train/q1,30.343036651611328
walker2d-friction,0.5,BC_PAR,0,9000,train/q1,38.64275360107422
walker2d-friction,0.5,BC_PAR,0,10000,train/q1,47.21300506591797
walker2d-friction,0.5,BC_PAR,0,5000,train/src_reward,3.255288600921631
walker2d-friction,0.5,BC_PAR,0,6000,train/src_reward,3.361189842224121
walker2d-friction,0.5,BC_PAR,0,7000,train/src_reward,3.1686601638793945
walker2d-friction,0.5,BC_PAR,0,8000,train/src_reward,3.364550828933716
walker2d-friction,0.5,BC_PAR,0,9000,train/src_reward,3.5345282554626465
walker2d-friction,0.5,BC_PAR,0,10000,train/src_reward,3.5769975185394287
walker2d-friction,0.5,BC_PAR,1,5000,train/distance,1.5581693649291992
walker2d-friction,0.5,BC_PAR,1,6000,train/distance,1.4700257778167725
walker2d-friction,0.5,BC_PAR,1,7000,train/distance,1.3480398654937744
walker2d-friction,0.5,BC_PAR,1,8000,train/distance,1.1348273754119873
walker2d-friction,0.5,BC_PAR,1,9000,train/distance,0.9983664751052856
walker2d-friction,0.5,BC_PAR,1,10000,train/distance,0.804047167301178
walker2d-friction,0.5,BC_PAR,1,5000,train/encoder_loss,1.5911180973052979
walker2d-friction,0.5,BC_PAR,1,6000,train/encoder_loss,1.3752214908599854
walker2d-friction,0.5,BC_PAR,1,7000,train/encoder_loss,1.2187038660049438
walker2d-friction,0.5,BC_PAR,1,8000,train/encoder_loss,0.9891597032546997
walker2d-friction,0.5,BC_PAR,1,9000,train/encoder_loss,0.7870485782623291
walker2d-friction,0.5,BC_PAR,1,10000,train/encoder_loss,0.7008901238441467
walker2d-friction,0.5,BC_PAR,1,5000,train/logprob,-3.8029842376708984
walker2d-friction,0.5,BC_PAR,1,6000,train/logprob,-0.5286908745765686
walker2d-friction,0.5,BC_PAR,1,7000,train/logprob,0.04326444864273071
walker2d-friction,0.5,BC_PAR,1,8000,train/logprob,0.7688228487968445
walker2d-friction,0.5,BC_PAR,1,9000,train/logprob,1.1587159633636475
walker2d-friction,0.5,BC_PAR,1,10000,train/logprob,1.7076098918914795
walker2d-friction,0.5,BC_PAR,1,5000,train/q1,1.361954689025879
walker2d-friction,0.5,BC_PAR,1,6000,train/q1,10.21280574798584
walker2d-friction,0.5,BC_PAR,1,7000,train/q1,21.170286178588867
walker2d-friction,0.5,BC_PAR,1,8000,train/q1,30.359149932861328
walker2d-friction,0.5,BC_PAR,1,9000,train/q1,40.57771682739258
walker2d-friction,0.5,BC_PAR,1,10000,train/q1,48.153167724609375
walker2d-friction,0.5,BC_PAR,1,5000,train/src_reward,3.249420166015625
walker2d-friction,0.5,BC_PAR,1,6000,train/src_reward,2.94390869140625
walker2d-friction,0.5,BC_PAR,1,7000,train/src_reward,3.2076287269592285
walker2d-friction,0.5,BC_PAR,1,8000,train/src_reward,3.112746477127075
walker2d-friction,0.5,BC_PAR,1,9000,train/src_reward,3.231606960296631
walker2d-friction,0.5,BC_PAR,1,10000,train/src_reward,3.227292537689209
walker2d-friction,0.5,BC_PAR,2,5000,train/distance,1.5852906703948975
walker2d-friction,0.5,BC_PAR,2,6000,train/distance,1.4361414909362793
walker2d-friction,0.5,BC_PAR,2,7000,train/distance,1.3010497093200684
walker2d-friction,0.5,BC_PAR,2,8000,train/distance,1.0850473642349243
walker2d-friction,0.5,BC_PAR,2,9000,train/distance,0.9335719347000122
walker2d-friction,0.5,BC_PAR,2,10000,train/distance,0.8889830112457275
walker2d-friction,0.5,BC_PAR,2,5000,train/encoder_loss,1.641418218612671
walker2d-friction,0.5,BC_PAR,2,6000,train/encoder_loss,1.3222265243530273
walker2d-friction,0.5,BC_PAR,2,7000,train/encoder_loss,1.1204543113708496
walker2d-friction,0.5,BC_PAR,2,8000,train/encoder_loss,0.9074799418449402
walker2d-friction,0.5,BC_PAR,2,9000,train/encoder_loss,0.7142471671104431
walker2d-friction,0.5,BC_PAR,2,10000,train/encoder_loss,0.6273419857025146
walker2d-friction,0.5,BC_PAR,2,5000,train/logprob,-3.7730188369750977
walker2d-friction,0.5,BC_PAR,2,6000,train/logprob,-0.45515793561935425
walker2d-friction,0.5,BC_PAR,2,7000,train/logprob,0.8462163805961609
walker2d-friction,0.5,BC_PAR,2,8000,train/logprob,1.171828031539917
walker2d-friction,0.5,BC_PAR,2,9000,train/logprob,1.7033071517944336
walker2d-friction,0.5,BC_PAR,2,10000,train/logprob,2.0071017742156982
walker2d-friction,0.5,BC_PAR,2,5000,train/q1,1.1114559173583984
walker2d-friction,0.5,BC_PAR,2,6000,train/q1,11.017252922058105
walker2d-friction,0.5,BC_PAR,2,7000,train/q1,21.82541275024414
walker2d-friction,0.5,BC_PAR,2,8000,train/q1,29.42775535583496
walker2d-friction,0.5,BC_PAR,2,9000,train/q1,38.7232666015625
walker2d-friction,0.5,BC_PAR,2,10000,train/q1,47.5998420715332
walker2d-friction,0.5,BC_PAR,2,5000,train/src_reward,3.1762964725494385
walker2d-friction,0.5,BC_PAR,2,6000,train/src_reward,3.256882667541504
walker2d-friction,0.5,BC_PAR,2,7000,train/src_reward,3.3714520931243896
walker2d-friction,0.5,BC_PAR,2,8000,train/src_reward,3.2029476165771484
walker2d-friction,0.5,BC_PAR,2,9000,train/src_reward,3.265293598175049
walker2d-friction,0.5,BC_PAR,2,10000,train/src_reward,3.2065322399139404
walker2d-friction,0.5,BC_SAC,0,5000,train/logprob,1.7392374277114868
walker2d-friction,0.5,BC_SAC,0,10000,train/logprob,3.5549492835998535
walker2d-friction,0.5,BC_SAC,0,5000,train/q1,31.413204193115234
walker2d-friction,0.5,BC_SAC,0,10000,train/q1,66.39035034179688
walker2d-friction,0.5,BC_SAC,1,5000,train/logprob,1.2995643615722656
walker2d-friction,0.5,BC_SAC,1,10000,train/logprob,3.24471378326416
walker2d-friction,0.5,BC_SAC,1,5000,train/q1,31.307830810546875
walker2d-friction,0.5,BC_SAC,1,10000,train/q1,62.425838470458984
walker2d-friction,0.5,BC_SAC,2,5000,train/logprob,2.3436286449432373
walker2d-friction,0.5,BC_SAC,2,10000,train/logprob,3.2066423892974854
walker2d-friction,0.5,BC_SAC,2,5000,train/q1,31.555559158325195
walker2d-friction,0.5,BC_SAC,2,10000,train/q1,63.5790901184082
walker2d-friction,0.5,RLPD,0,5000,train/logprob,-1.6692016124725342
walker2d-friction,0.5,RLPD,0,10000,train/logprob,0.857776939868927
walker2d-friction,0.5,RLPD,1,5000,train/logprob,-0.5054814219474792
walker2d-friction,0.5,RLPD,1,10000,train/logprob,0.5643794536590576
walker2d-friction,0.5,RLPD,2,5000,train/logprob,-1.05071222782135
walker2d-friction,0.5,RLPD,2,10000,train/logprob,1.4387431144714355
walker2d-friction,2.0,BC_PAR,0,5000,train/distance,1.5864028930664062
walker2d-friction,2.0,BC_PAR,0,6000,train/distance,1.4449812173843384
walker2d-friction,2.0,BC_PAR,0,7000,train/distance,1.334436297416687
walker2d-friction,2.0,BC_PAR,0,8000,train/distance,1.038952350616455
walker2d-friction,2.0,BC_PAR,0,9000,train/distance,0.9171443581581116
walker2d-friction,2.0,BC_PAR,0,10000,train/distance,0.8563545346260071
walker2d-friction,2.0,BC_PAR,0,5000,train/encoder_loss,1.604139804840088
walker2d-friction,2.0,BC_PAR,0,6000,train/encoder_loss,1.2925331592559814
walker2d-friction,2.0,BC_PAR,0,7000,train/encoder_loss,0.98161381483078
walker2d-friction,2.0,BC_PAR,0,8000,train/encoder_loss,0.7704886794090271
walker2d-friction,2.0,BC_PAR,0,9000,train/encoder_loss,0.6220507025718689
walker2d-friction,2.0,BC_PAR,0,10000,train/encoder_loss,0.6140015721321106
walker2d-friction,2.0,BC_PAR,0,5000,train/logprob,-3.6757307052612305
walker2d-friction,2.0,BC_PAR,0,6000,train/logprob,-0.6873136162757874
walker2d-friction,2.0,BC_PAR,0,7000,train/logprob,0.4913738965988159
walker2d-friction,2.0,BC_PAR,0,8000,train/logprob,1.5711063146591187
walker2d-friction,2.0,BC_PAR,0,9000,train/logprob,1.7208538055419922
walker2d-friction,2.0,BC_PAR,0,10000,train/logprob,2.217228651046753
walker2d-friction,2.0,BC_PAR,0,5000,train/q1,1.3593456745147705
walker2d-friction,2.0,BC_PAR,0,6000,train/q1,11.041876792907715
walker2d-friction,2.0,BC_PAR,0,7000,train/q1,20.41537857055664
walker2d-friction,2.0,BC_PAR,0,8000,train/q1,31.30199432373047
walker2d-friction,2.0,BC_PAR,0,9000,train/q1,42.716270446777344
walker2d-friction,2.0,BC_PAR,0,10000,train/q1,52.735015869140625
walker2d-friction,2.0,BC_PAR,0,5000,train/src_reward,3.255288600921631
walker2d-friction,2.0,BC_PAR,0,6000,train/src_reward,3.3622498512268066
walker2d-friction,2.0,BC_PAR,0,7000,train/src_reward,3.1695799827575684
walker2d-friction,2.0,BC_PAR,0,8000,train/src_reward,3.365039348602295
walker2d-friction,2.0,BC_PAR,0,9000,train/src_reward,3.536696434020996
walker2d-friction,2.0,BC_PAR,0,10000,train/src_reward,3.575146198272705
walker2d-friction,2.0,BC_PAR,1,5000,train/distance,1.5581693649291992
walker2d-friction,2.0,BC_PAR,1,6000,train/distance,1.47265625
walker2d-friction,2.0,BC_PAR,1,7000,train/distance,1.3379281759262085
walker2d-friction,2.0,BC_PAR,1,8000,train/distance,1.1375731229782104
walker2d-friction,2.0,BC_PAR,1,9000,train/distance,1.039688229560852
walker2d-friction,2.0,BC_PAR,1,10000,train/distance,0.8965140581130981
walker2d-friction,2.0,BC_PAR,1,5000,train/encoder_loss,1.5899817943572998
walker2d-friction,2.0,BC_PAR,1,6000,train/encoder_loss,1.397334337234497
walker2d-friction,2.0,BC_PAR,1,7000,train/encoder_loss,1.1842230558395386
walker2d-friction,2.0,BC_PAR,1,8000,train/encoder_loss,0.9803093671798706
walker2d-friction,2.0,BC_PAR,1,9000,train/encoder_loss,0.7359567284584045
walker2d-friction,2.0,BC_PAR,1,10000,train/encoder_loss,0.6521727442741394
walker2d-friction,2.0,BC_PAR,1,5000,train/logprob,-3.7633159160614014
walker2d-friction,2.0,BC_PAR,1,6000,train/logprob,-0.7879252433776855
walker2d-friction,2.0,BC_PAR,1,7000,train/logprob,-0.09976014494895935
walker2d-friction,2.0,BC_PAR,1,8000,train/logprob,0.932100236415863
walker2d-friction,2.0,BC_PAR,1,9000,train/logprob,1.0329773426055908
walker2d-friction,2.0,BC_PAR,1,10000,train/logprob,1.461398720741272
walker2d-friction,2.0,BC_PAR,1,5000,train/q1,1.2134959697723389
walker2d-friction,2.0,BC_PAR,1,6000,train/q1,9.928060531616211
walker2d-friction,2.0,BC_PAR,1,7000,train/q1,19.142784118652344
walker2d-friction,2.0,BC_PAR,1,8000,train/q1,27.303356170654297
walker2d-friction,2.0,BC_PAR,1,9000,train/q1,34.99483871459961
walker2d-friction,2.0,BC_PAR,1,10000,train/q1,42.99336242675781
walker2d-friction,2.0,BC_PAR,1,5000,train/src_reward,3.249420166015625
walker2d-friction,2.0,BC_PAR,1,6000,train/src_reward,2.943645715713501
walker2d-friction,2.0,BC_PAR,1,7000,train/src_reward,3.2086403369903564
walker2d-friction,2.0,BC_PAR,1,8000,train/src_reward,3.1124720573425293
walker2d-friction,2.0,BC_PAR,1,9000,train/src_reward,3.227475166320801
walker2d-friction,2.0,BC_PAR,1,10000,train/src_reward,3.218045949935913
walker2d-friction,2.0,BC_PAR,2,5000,train/distance,1.5852906703948975
walker2d-friction,2.0,BC_PAR,2,6000,train/distance,1.4442120790481567
walker2d-friction,2.0,BC_PAR,2,7000,train/distance,1.3196929693222046
walker2d-friction,2.0,BC_PAR,2,8000,train/distance,1.1068365573883057
walker2d-friction,2.0,BC_PAR,2,9000,train/distance,0.9214382171630859
walker2d-friction,2.0,BC_PAR,2,10000,train/distance,0.8274152278900146
walker2d-friction,2.0,BC_PAR,2,5000,train/encoder_loss,1.6382468938827515
walker2d-friction,2.0,BC_PAR,2,6000,train/encoder_loss,1.3330113887786865
walker2d-friction,2.0,BC_PAR,2,7000,train/encoder_loss,1.0700796842575073
walker2d-friction,2.0,BC_PAR,2,8000,train/encoder_loss,0.8531880378723145
walker2d-friction,2.0,BC_PAR,2,9000,train/encoder_loss,0.6774847507476807
walker2d-friction,2.0,BC_PAR,2,10000,train/encoder_loss,0.6378623843193054
walker2d-friction,2.0,BC_PAR,2,5000,train/logprob,-3.7860074043273926
walker2d-friction,2.0,BC_PAR,2,6000,train/logprob,-0.33681148290634155
walker2d-friction,2.0,BC_PAR,2,7000,train/logprob,0.7932127118110657
walker2d-friction,2.0,BC_PAR,2,8000,train/logprob,0.8591445088386536
walker2d-friction,2.0,BC_PAR,2,9000,train/logprob,1.967208743095398
walker2d-friction,2.0,BC_PAR,2,10000,train/logprob,1.8928987979888916
walker2d-friction,2.0,BC_PAR,2,5000,train/q1,1.2325942516326904
walker2d-friction,2.0,BC_PAR,2,6000,train/q1,10.546191215515137
walker2d-friction,2.0,BC_PAR,2,7000,train/q1,21.512969970703125
walker2d-friction,2.0,BC_PAR,2,8000,train/q1,28.667436599731445
walker2d-friction,2.0,BC_PAR,2,9000,train/q1,37.24246597290039
walker2d-friction,2.0,BC_PAR,2,10000,train/q1,43.88959884643555
walker2d-friction,2.0,BC_PAR,2,5000,train/src_reward,3.1762964725494385
walker2d-friction,2.0,BC_PAR,2,6000,train/src_reward,3.2560760974884033
walker2d-friction,2.0,BC_PAR,2,7000,train/src_reward,3.3695876598358154
walker2d-friction,2.0,BC_PAR,2,8000,train/src_reward,3.20076847076416
walker2d-friction,2.0,BC_PAR,2,9000,train/src_reward,3.266507148742676
walker2d-friction,2.0,BC_PAR,2,10000,train/src_reward,3.2126893997192383
walker2d-friction,2.0,BC_SAC,0,5000,train/logprob,1.8521093130111694
walker2d-friction,2.0,BC_SAC,0,10000,train/logprob,3.359083414077759
walker2d-friction,2.0,BC_SAC,0,5000,train/q1,32.65890884399414
walker2d-friction,2.0,BC_SAC,0,10000,train/q1,67.91877746582031
walker2d-friction,2.0,BC_SAC,1,5000,train/logprob,1.8132253885269165
walker2d-friction,2.0,BC_SAC,1,10000,train/logprob,3.599290609359741
walker2d-friction,2.0,BC_SAC,1,5000,train/q1,31.92630386352539
walker2d-friction,2.0,BC_SAC,1,10000,train/q1,62.83403396606445
walker2d-friction,2.0,BC_SAC,2,5000,train/logprob,2.08791184425354
walker2d-friction,2.0,BC_SAC,2,10000,train/logprob,4.12318754196167
walker2d-friction,2.0,BC_SAC,2,5000,train/q1,33.19853210449219
walker2d-friction,2.0,BC_SAC,2,10000,train/q1,73.33080291748047
walker2d-friction,2.0,RLPD,0,5000,train/logprob,-0.8379749655723572
walker2d-friction,2.0,RLPD,0,10000,train/logprob,0.24455684423446655
walker2d-friction,2.0,RLPD,1,5000,train/logprob,-0.7932238578796387
walker2d-friction,2.0,RLPD,1,10000,train/logprob,0.649003267288208
walker2d-friction,2.0,RLPD,2,5000,train/logprob,-1.0178110599517822
walker2d-friction,2.0,RLPD,2,10000,train/logprob,0.5589686632156372
walker2d-friction,5.0,BC_PAR,0,5000,train/distance,1.5864028930664062
walker2d-friction,5.0,BC_PAR,0,6000,train/distance,1.4559577703475952
walker2d-friction,5.0,BC_PAR,0,7000,train/distance,1.3397670984268188
walker2d-friction,5.0,BC_PAR,0,8000,train/distance,1.048475742340088
walker2d-friction,5.0,BC_PAR,0,9000,train/distance,0.956445574760437
walker2d-friction,5.0,BC_PAR,0,10000,train/distance,0.8436024188995361
walker2d-friction,5.0,BC_PAR,0,5000,train/encoder_loss,1.5886861085891724
walker2d-friction,5.0,BC_PAR,0,6000,train/encoder_loss,1.2866878509521484
walker2d-friction,5.0,BC_PAR,0,7000,train/encoder_loss,0.999789297580719
walker2d-friction,5.0,BC_PAR,0,8000,train/encoder_loss,0.7749268412590027
walker2d-friction,5.0,BC_PAR,0,9000,train/encoder_loss,0.7072150707244873
walker2d-friction,5.0,BC_PAR,0,10000,train/encoder_loss,0.6841869354248047
walker2d-friction,5.0,BC_PAR,0,5000,train/logprob,-3.642603874206543
walker2d-friction,5.0,BC_PAR,0,6000,train/logprob,-0.40290385484695435
walker2d-friction,5.0,BC_PAR,0,7000,train/logprob,0.4092480540275574
walker2d-friction,5.0,BC_PAR,0,8000,train/logprob,1.9010562896728516
walker2d-friction,5.0,BC_PAR,0,9000,train/logprob,1.8327105045318604
walker2d-friction,5.0,BC_PAR,0,10000,train/logprob,2.542670249938965
walker2d-friction,5.0,BC_PAR,0,5000,train/q1,1.3474326133728027
walker2d-friction,5.0,BC_PAR,0,6000,train/q1,11.114849090576172
walker2d-friction,5.0,BC_PAR,0,7000,train/q1,19.979511260986328
walker2d-friction,5.0,BC_PAR,0,8000,train/q1,30.25118064880371
walker2d-friction,5.0,BC_PAR,0,9000,train/q1,40.855751037597656
walker2d-friction,5.0,BC_PAR,0,10000,train/q1,49.17094039916992
walker2d-friction,5.0,BC_PAR,0,5000,train/src_reward,3.255288600921631
walker2d-friction,5.0,BC_PAR,0,6000,train/src_reward,3.361152172088623
walker2d-friction,5.0,BC_PAR,0,7000,train/src_reward,3.1690473556518555
walker2d-friction,5.0,BC_PAR,0,8000,train/src_reward,3.3640871047973633
walker2d-friction,5.0,BC_PAR,0,9000,train/src_reward,3.532766580581665
walker2d-friction,5.0,BC_PAR,0,10000,train/src_reward,3.5764217376708984
walker2d-friction,5.0,BC_PAR,1,5000,train/distance,1.5581693649291992
walker2d-friction,5.0,BC_PAR,1,6000,train/distance,1.4743075370788574
walker2d-friction,5.0,BC_PAR,1,7000,train/distance,1.3560395240783691
walker2d-friction,5.0,BC_PAR,1,8000,train/distance,1.1349167823791504
walker2d-friction,5.0,BC_PAR,1,9000,train/distance,1.0348501205444336
walker2d-friction,5.0,BC_PAR,1,10000,train/distance,0.8906910419464111
walker2d-friction,5.0,BC_PAR,1,5000,train/encoder_loss,1.5874614715576172
walker2d-friction,5.0,BC_PAR,1,6000,train/encoder_loss,1.3518106937408447
walker2d-friction,5.0,BC_PAR,1,7000,train/encoder_loss,1.2037711143493652
walker2d-friction,5.0,BC_PAR,1,8000,train/encoder_loss,1.0004863739013672
walker2d-friction,5.0,BC_PAR,1,9000,train/encoder_loss,0.748216450214386
walker2d-friction,5.0,BC_PAR,1,10000,train/encoder_loss,0.702508270740509
walker2d-friction,5.0,BC_PAR,1,5000,train/logprob,-3.7652740478515625
walker2d-friction,5.0,BC_PAR,1,6000,train/logprob,-0.4922875761985779
walker2d-friction,5.0,BC_PAR,1,7000,train/logprob,0.5844829678535461
walker2d-friction,5.0,BC_PAR,1,8000,train/logprob,1.118608832359314
walker2d-friction,5.0,BC_PAR,1,9000,train/logprob,1.8775714635849
walker2d-friction,5.0,BC_PAR,1,10000,train/logprob,2.3391973972320557
walker2d-friction,5.0,BC_PAR,1,5000,train/q1,1.326550006866455
walker2d-friction,5.0,BC_PAR,1,6000,train/q1,10.82812786102295
walker2d-friction,5.0,BC_PAR,1,7000,train/q1,22.62062644958496
walker2d-friction,5.0,BC_PAR,1,8000,train/q1,32.780696868896484
walker2d-friction,5.0,BC_PAR,1,9000,train/q1,43.47163009643555
walker2d-friction,5.0,BC_PAR,1,10000,train/q1,53.52121353149414
walker2d-friction,5.0,BC_PAR,1,5000,train/src_reward,3.249420166015625
walker2d-friction,5.0,BC_PAR,1,6000,train/src_reward,2.9434804916381836
walker2d-friction,5.0,BC_PAR,1,7000,train/src_reward,3.2068288326263428
walker2d-friction,5.0,BC_PAR,1,8000,train/src_reward,3.1127376556396484
walker2d-friction,5.0,BC_PAR,1,9000,train/src_reward,3.227958917617798
walker2d-friction,5.0,BC_PAR,1,10000,train/src_reward,3.2186286449432373
walker2d-friction,5.0,BC_PAR,2,5000,train/distance,1.5852906703948975
walker2d-friction,5.0,BC_PAR,2,6000,train/distance,1.435294270515442
walker2d-friction,5.0,BC_PAR,2,7000,train/distance,1.299660325050354
walker2d-friction,5.0,BC_PAR,2,8000,train/distance,1.0689706802368164
walker2d-friction,5.0,BC_PAR,2,9000,train/distance,0.870721697807312
walker2d-friction,5.0,BC_PAR,2,10000,train/distance,0.818594753742218
walker2d-friction,5.0,BC_PAR,2,5000,train/encoder_loss,1.645444393157959
walker2d-friction,5.0,BC_PAR,2,6000,train/encoder_loss,1.3180110454559326
walker2d-friction,5.0,BC_PAR,2,7000,train/encoder_loss,1.0851305723190308
walker2d-friction,5.0,BC_PAR,2,8000,train/encoder_loss,0.8889867663383484
walker2d-friction,5.0,BC_PAR,2,9000,train/encoder_loss,0.7072216868400574
walker2d-friction,5.0,BC_PAR,2,10000,train/encoder_loss,0.6385108828544617
walker2d-friction,5.0,BC_PAR,2,5000,train/logprob,-3.6820945739746094
walker2d-friction,5.0,BC_PAR,2,6000,train/logprob,-0.7646217942237854
walker2d-friction,5.0,BC_PAR,2,7000,train/logprob,0.4855138659477234
walker2d-friction,5.0,BC_PAR,2,8000,train/logprob,1.3486179113388062
walker2d-friction,5.0,BC_PAR,2,9000,train/logprob,2.136629343032837
walker2d-friction,5.0,BC_PAR,2,10000,train/logprob,2.1277318000793457
walker2d-friction,5.0,BC_PAR,2,5000,train/q1,1.1896991729736328
walker2d-friction,5.0,BC_PAR,2,6000,train/q1,11.284730911254883
walker2d-friction,5.0,BC_PAR,2,7000,train/q1,22.355669021606445
walker2d-friction,5.0,BC_PAR,2,8000,train/q1,31.569171905517578
walker2d-friction,5.0,BC_PAR,2,9000,train/q1,40.33930206298828
walker2d-friction,5.0,BC_PAR,2,10000,train/q1,49.309383392333984
walker2d-friction,5.0,BC_PAR,2,5000,train/src_reward,3.1762964725494385
walker2d-friction,5.0,BC_PAR,2,6000,train/src_reward,3.2569680213928223
walker2d-friction,5.0,BC_PAR,2,7000,train/src_reward,3.3715908527374268
walker2d-friction,5.0,BC_PAR,2,8000,train/src_reward,3.204554796218872
walker2d-friction,5.0,BC_PAR,2,9000,train/src_reward,3.271578788757324
walker2d-friction,5.0,BC_PAR,2,10000,train/src_reward,3.213571548461914
walker2d-friction,5.0,BC_SAC,0,5000,train/logprob,1.9875459671020508
walker2d-friction,5.0,BC_SAC,0,10000,train/logprob,4.105382919311523
walker2d-friction,5.0,BC_SAC,0,5000,train/q1,34.13676452636719
walker2d-friction,5.0,BC_SAC,0,10000,train/q1,66.29824829101562
walker2d-friction,5.0,BC_SAC,1,5000,train/logprob,1.4230564832687378
walker2d-friction,5.0,BC_SAC,1,10000,train/logprob,3.663696527481079
walker2d-friction,5.0,BC_SAC,1,5000,train/q1,33.63484573364258
walker2d-friction,5.0,BC_SAC,1,10000,train/q1,64.79248046875
walker2d-friction,5.0,BC_SAC,2,5000,train/logprob,1.4776335954666138
walker2d-friction,5.0,BC_SAC,2,10000,train/logprob,3.9183833599090576
walker2d-friction,5.0,BC_SAC,2,5000,train/q1,34.288761138916016
walker2d-friction,5.0,BC_SAC,2,10000,train/q1,70.01905059814453
walker2d-friction,5.0,RLPD,0,5000,train/logprob,-1.2987254858016968
walker2d-friction,5.0,RLPD,0,10000,train/logprob,0.31905657052993774
walker2d-friction,5.0,RLPD,1,5000,train/logprob,-1.197302222251892
walker2d-friction,5.0,RLPD,1,10000,train/logprob,0.2034292221069336
walker2d-friction,5.0,RLPD,2,5000,train/logprob,-1.3878085613250732
walker2d-friction,5.0,RLPD,2,10000,train/logprob,-0.11616189777851105
